sequence_id,sequence_clean,n_records,n_solvents_tested,n_soluble,n_insoluble,has_discordant_solvent_labels
pep_000d0db5f430,EVFAIGPLQLYVVPEQLQQGKPTCA,3,3,2,1,1
pep_00242c3e9176,TDTAYRSMMQDREGQSILCTGESGAGK,3,3,3,0,0
pep_002a35175b54,IPNCHWFCLTPLDDASAHSSTHLPA,3,3,2,1,1
pep_00574cd6c1e2,TPSSCLELPDSCQPY,3,3,3,0,0
pep_006bd64b2a2e,KSSQLGREIDDHNAVLRFNGAPTAN,3,3,3,0,0
pep_00820cc60d1d,TWFRFLHMLSNPVGLSNPAIISSTPKF,3,3,2,1,1
pep_0099fef9d443,AAYNLVKRGITNLFVIGGDGSLTGADT,3,3,1,2,1
pep_00b3cb6544ce,VSGITLQIRRERGLPFFPPHPYKLWKQ,3,3,2,1,1
pep_0141ec641fcf,RSDELVRHHNMHQRNMTKL,3,3,3,0,0
pep_015f184bc91a,KKKKKKKKKSLVRDDSNQPMAVSRFFGN,3,3,3,0,0
pep_01c4fcef79da,VLQELTQHQRLHMGEKPYECKECGK,3,3,3,0,0
pep_021ee63a4197,SYLDSGIHSGATATAPSLSGKGNPE,3,3,3,0,0
pep_023d0af83722,KKKKKKKKKSLVRLIIVPLSKLSNWAYE,3,3,1,2,1
pep_0240167fb047,ATVPRPLNK,3,3,3,0,0
pep_02cd399eefe6,KLQAERAHEEGIRLF,3,3,2,1,1
pep_02cfa82b18a9,PPSQGYLSSRSPPEMLRASGLTQKW,3,3,3,0,0
pep_03f3ee43c862,YSVYSSLLLK,3,3,1,2,1
pep_03fdf848ea4f,SQPSVRTPLPNLHSGLVSTPISPQLVN,3,3,2,1,1
pep_048381ddf255,LQSHMSLPATRGHALTALMKLSTRL,3,3,2,1,1
pep_04c2358376e1,SVNLNTSSKDNDDKI,3,3,2,1,1
pep_05c0368b03f1,NLTLHYRTLLVDRPYDC,3,3,1,2,1
pep_05c158148529,AAQITQRKWETAHEAEQWRAYLEGR,4,4,1,3,1
pep_05cb812236f9,DIKKPAEDEWGKTPHAMKAAMALEK,3,3,1,2,1
pep_0631f7a4cc82,HPVHEGLFASGGSYGSLLFWHVGVEKE,3,3,1,2,1
pep_06514e5b712f,PAGYMDFPKVGGVPFSVYGNAMIPP,3,3,3,0,0
pep_0657c6cf9fc7,DPWAGYRYTGKLRPHYP,3,3,2,1,1
pep_06a375747a66,EGGPYGCKDALRQLLRSAREVIAVVMD,3,3,2,1,1
pep_06bc905572c0,TAPDNLGYM,3,3,3,0,0
pep_0716a45b3c62,TNLDFRSGLAIVSLHDLDQLQADAINA,3,3,2,1,1
pep_07196b59747d,FKRFSCLSLPSRWTTGVHCCTQLIFVF,3,3,1,2,1
pep_0730d03d8ae5,WDTCTTYKCQKTLEGHD,6,3,2,4,1
pep_074ca31a9b31,LQKENLKLSSENIELKFQLEQANKD,3,3,2,1,1
pep_0779191c0532,KKKKKKKKKSLVRYFINGDIRSLELGGG,3,3,1,2,1
pep_07b51c640367,SSIFLDDDSNQPMAVSRFFGNVELMQD,3,3,1,2,1
pep_07f15df933aa,LHFKKDAGL,3,3,3,0,0
pep_07f8f8376ebc,SKLIPAFKMVMRAKD,3,3,1,2,1
pep_086deeb44c2a,SLGDRARLCLK,3,3,3,0,0
pep_088725758411,RSEPDLRCSPVNSDLCLSRQTLDAGSQ,3,3,3,0,0
pep_08aa0d4070d9,MTEYKLVVVGAAGVGKSALTIQLIQ,3,3,1,2,1
pep_08ca6ef9f7e0,LCSTASAPLASALYTPIGKVLRIPV,3,3,1,2,1
pep_08eaa104b965,SQKKLYKDAMVETYRNL,6,3,6,0,0
pep_08f081a547ed,KDDDKHVMRKEQHKEEKEKRRLDQL,3,3,3,0,0
pep_0906a6c058fd,SVSPPYPSR,3,3,3,0,0
pep_093d2a156102,LAQLYDQYLARHHRNKAKFLTDKLQ,3,3,3,0,0
pep_094ab6d25296,MKARNYLQFLPSKTKVA,15,3,15,0,0
pep_096d24b6852c,QKLLLPKPKVALVELPVMQFSVMPVFV,3,3,2,1,1
pep_09a4996b9710,QLKAISTRDPLSKITEQEKDFLWSH,3,3,3,0,0
pep_09ac07882a42,PYKCTKCGRAFTRSSTL,3,3,2,1,1
pep_09b37ac3cd38,KEEWVATVTQLLMVIEQALSADSSGSI,3,3,1,2,1
pep_09e668c08df5,NEPSVFNGPEVTILKDAQHYGGWEH,3,3,2,1,1
pep_0a27a8f68b34,CPTQCQTVSLSEKLSLLHHHLQNAP,3,3,1,2,1
pep_0a65e081688c,RWVQYLLLLQESICPGGVLPKFPRPVR,3,3,1,2,1
pep_0a822b5d98d9,RRRQEKWQQEQEHLLQERYQKEQDK,3,3,3,0,0
pep_0ac11d6352a0,MFSSVAHLARAHPFNTPHLQLVHDGLG,3,3,3,0,0
pep_0b2aa3a4d066,EAASYIQSKFEDLIKRKDTKEIYTHFT,3,3,2,1,1
pep_0b36a22629c1,TPFQQLKQVVEEPLPQLPADKFSAEFV,3,3,3,0,0
pep_0b3ef2a39c17,SSLARIFSILSQRKKRLHIEDYSVS,3,3,1,2,1
pep_0b414956cb0b,GTSVSTFSFRIHEEREI,3,3,1,2,1
pep_0b4ff4ca77ac,KFLLLNPAVHFPQVVKECRAVVIAG,3,3,1,2,1
pep_0b783196668d,AAPRPAAGAGAAAKAPGGQWGPASTPS,6,3,6,0,0
pep_0bcd85e8759c,FHPFLVYRECHTWKE,3,3,2,1,1
pep_0c169d6b8fb4,PNALLMLVNLKVNPLLVDYRGYGKSEG,3,3,2,1,1
pep_0c26b6245a0b,INTVDIYPTMCHILGLK,6,3,4,2,1
pep_0c4585bb3dfb,EQPLSVGHLCSTICN,3,3,3,0,0
pep_0c6c340f604d,VPEGDGHWQGRVRMLLECGVRPGHGDF,3,3,1,2,1
pep_0c839e5ad029,KKKKKKKKKSLVRDFFLFLCCLLSPLLK,3,3,2,1,1
pep_0c85ea794a4c,ELNDFIIRLDEEVEG,4,4,1,3,1
pep_0c931ab423f8,EEDTDTKQIYFYLFKLL,3,3,1,2,1
pep_0ca06d1266c3,TPQPGTPVSPVQYVHLPHTFQFIGSSQ,3,3,2,1,1
pep_0cdd366a9dba,TLFVRDDGSSMSLYVRPSPAKRRLS,3,3,2,1,1
pep_0ce4e0aae2ba,LAGHGVPIPDTFSYG,3,3,3,0,0
pep_0ce60478163e,QTHSRHYELYRRFKLEEMGFQDSDG,3,3,2,1,1
pep_0d1fd33a40e6,QCSLCPRKYPNLLALRNHVRVHCKA,3,3,3,0,0
pep_0d50dfe9af2e,TEHDVNVG,3,3,1,2,1
pep_0d755d69a2f3,APTFTGSFLSPWPAAVTDASFKVKSHV,3,3,2,1,1
pep_0d9478fdc045,ISFSTSLAK,3,3,1,2,1
pep_0da33b40f9a9,NNAFRVYL,3,3,1,2,1
pep_0e0df0d6679e,KKKKKKKKKSLVRILNPIYSRTTDVLYT,3,3,1,2,1
pep_0e150e023e36,EDAFTLDYRYPLYALQAFAIALSSF,3,3,1,2,1
pep_0e165711b345,ISYIPLFPQLYFHMIHQ,3,3,1,2,1
pep_0fed9c5af1be,PAMQLYQPGARSLNRLCPPDDSTKS,3,3,3,0,0
pep_100a78a8f15b,KNSQLEQENNLLKALASPEQLAQFQAQ,3,3,3,0,0
pep_106881bae65f,EWHLVAPMLTRRIGVGVAVLNRLLYAV,3,3,1,2,1
pep_1082dee568bb,KTATSLAEGLSLLVSPDSIHSVAPE,3,3,2,1,1
pep_1083b96f6f75,GPPHGADADANFKQLMVNMLDEREK,3,3,1,2,1
pep_10978c5653f4,LLAERTTTLFK,3,3,2,1,1
pep_10d071127e5c,QTPSERPTAQDVLDTYQKVLDTLRDAM,3,3,2,1,1
pep_112c033ed44f,LRRDEQPSGSVETSFEDKIPKRRFSEM,3,3,3,0,0
pep_115da7938c11,TTSCCTHLSFMDRGPEGKLYSEDYD,4,4,1,3,1
pep_1164a34c696f,SCPSRAALRAHQRVHAAAELLRSQSAVRDGV,3,3,3,0,0
pep_116b82e01c6b,AASYGLTPAASDCLAAETFPKLVPPPS,3,3,3,0,0
pep_11a69469e7ce,LQQMLMEDKADLIREAVIKSLGIIM,4,4,1,3,1
pep_11b266399f3b,LSAYQQRVEALQEESRA,3,3,3,0,0
pep_11e74564a529,EFGITSDKLLLAWREMEQAVELCGR,4,4,4,0,0
pep_1206cacd5224,PSRSAVARPPRPGLFLPSQEPGMGPRH,3,3,3,0,0
pep_120bcc1b54c0,SESKNRLLDSESHWLENGAEEGIVK,4,4,4,0,0
pep_122b4b7b1d73,INTVDIYPMMCHILGLK,6,3,4,2,1
pep_128c0c0d7d17,NHEYSTSSQHMDYNDTFDMLDSLLSAQ,3,3,1,2,1
pep_12a48af7261b,LSKHKQIPGLIQNMTVRCCELPYPEQACCGE,3,3,2,1,1
pep_12f178bc93ab,TYGDTFLPTPSSYDELY,3,3,3,0,0
pep_13003d6d60fa,LGLVKEGLVMVEVRKEKQFQKVITEYL,3,3,2,1,1
pep_131f2a5d585f,FLKDFFTSLSAEVELQMTPDPEVKKSP,3,3,3,0,0
pep_13376ff57806,LFGLINVTLNMLPLVKK,3,3,1,2,1
pep_1355d96632a6,RSITGGSSR,3,3,3,0,0
pep_138239aa11e1,REQFSSR,3,3,3,0,0
pep_1382cf834d2e,LKKHNYNILQVVTELLHLNNNDWYS,4,4,1,3,1
pep_13a44c5ad5c0,LMWSWKKGV,3,3,3,0,0
pep_13c4e7474290,MDEETRKSAKEKSDAIYNMIGYPNF,3,3,1,2,1
pep_13dcfa88e0d0,YYDNFCAIARLIGIKTCRQVYEFRVKE,3,3,1,2,1
pep_14628f767ea1,REVDQVHLEVLELQKQVAELGKHLRIA,3,3,3,0,0
pep_1479ac653350,TSITTTEIPSHSTLS,3,3,2,1,1
pep_1483cb09a0cd,TLLNIQAYL,3,3,1,2,1
pep_14a3eb763b00,EGSTILQHISTLVSIYQRDPLKLVA,3,3,1,2,1
pep_150af34854a5,AFVIDFKPRASMDTVHH,3,3,1,2,1
pep_1546a2f319e7,MIRHAGAPARGAPTGPVPVVGKGEEEE,3,3,1,2,1
pep_154a71cec9a7,YPEVRHHCSHTPILLVG,3,3,2,1,1
pep_154b25553c73,ECGKAFNSSSHLAAHKRIHTGEKPY,3,3,3,0,0
pep_15613c044076,YKLVVVGAGGVGKSALT,5,5,4,1,1
pep_156d79b0b901,EREWHKFLLEYIEPMTEKLYPGYYT,3,3,1,2,1
pep_1571df68ca12,FQGKKNMTLAGRPAGPLFQTLIVAW,3,3,1,2,1
pep_15ac5d2275ef,MEMEPKARSARKCQV,3,3,3,0,0
pep_15ed1aba599b,KEEAYNSLMKSYVLEKDVTSAKALYEH,3,3,3,0,0
pep_161d6ac3d4df,LSFPCSPPAPR,3,3,3,0,0
pep_16617903ffa2,VEITPTSSRISRNTVTSMSIRGHRWKR,3,3,3,0,0
pep_16ee82101f58,AQEYSEISMEQKNYRKLYQKQLEKR,4,4,1,3,1
pep_170b84c89782,SCLSPTKWSSVSSAD,3,3,3,0,0
pep_17197e51608a,AAVLMVAQLTQRLVHICHVARKEEI,3,3,1,2,1
pep_1745021ce9fd,TRRCSWRESTSTTMSHRVSSKAAAP,3,3,1,2,1
pep_17947e0f87e8,LLAERTTTL,3,3,1,2,1
pep_181ace74dbc1,NHQSILDMMGLMEALPERCVQIAKREL,3,3,3,0,0
pep_18385f530ca0,LWVDSTPPPGTRFRAMAIYKQSQHM,3,3,1,2,1
pep_18597275e057,KKKKKKKKKSLVRTPAASATTTAQPLPQ,3,3,2,1,1
pep_18abedbbae87,NVLIGDGAGFKVAMGAFDKTRPVVA,3,3,2,1,1
pep_18ca43111637,ITLEDSSGNLLGPNSFEVRVCACPG,3,3,1,2,1
pep_18de05bbb493,AFIFLSRIFQNKLERLR,4,4,1,3,1
pep_190117773ff5,LMTMLFVGLMRFAAVVLGLVSLKNVAV,3,3,1,2,1
pep_19233850b1d1,QKFAEHSVRKRGHTDFIYLALRKMREY,3,3,2,1,1
pep_192a4c96b186,VSLLVEIAASPAIKA,4,4,1,3,1
pep_1968ef010393,DALAKALGFKYEISQAPDGRYGHQLHN,3,3,3,0,0
pep_19d8cbfea020,LSFSPVNRMFQTKKLSSTLTLTKKK,3,3,3,0,0
pep_19dbbeaea4be,RTNIARNLPLKENVFMM,3,3,2,1,1
pep_1a425cb6df3e,CLATGESEELLGDTD,3,3,2,1,1
pep_1a4d2efed7ed,KKKKKKKKKSLVRLCATRRSDGIPFYIQ,3,3,3,0,0
pep_1ae57a972b5d,VSDLFTECNQFELMY,4,4,1,3,1
pep_1b0063123e14,KKLEDQNKENHGLMEKLTSLAALRAGD,3,3,3,0,0
pep_1b44eee547e6,GLVDRVYRERGRLVSPHRRPLSVDKHG,3,3,3,0,0
pep_1b637c14649f,SPAMAVLDRGTSPTTVFNFPVSIPV,3,3,2,1,1
pep_1ba54a46a42b,ENVFKLLPQLTYLNGYDRDDKEAPDSD,3,3,3,0,0
pep_1bbd40d1b87c,PSAVPATEAGEGQLPWGRSLDEEPICH,2,2,2,0,0
pep_1c4157cb70c8,INFLSNNQCENILRLPSFRRYVEKQ,3,3,2,1,1
pep_1c48f5e60c64,QEAYSHLKNILELINALTGTLFTSK,3,3,1,2,1
pep_1c74d0a14796,IPYVHLVANLQDLGWDP,6,3,2,4,1
pep_1ce56f89de2f,GRYEGSSRNVSAKQKDENKEAKPRS,3,3,2,1,1
pep_1cf7cf9626f9,KTPQHVKITDFGRAKLLGAEEKEYH,12,3,11,1,1
pep_1d1b38f7649d,TGVGAKKGRKKLYQCQVCNSVFNSWDQ,3,3,2,1,1
pep_1d48ed94cf59,RISLRISESVLRESPPPHEDYEDEV,4,4,1,3,1
pep_1da115cd76b8,KALMGLQCFREAAAV,3,3,1,2,1
pep_1db9ec3cc4f2,ERMEDRCRGEYERFFLREFHKWIERVV,6,3,3,3,1
pep_1dba6d62fe1e,YMFSPVKL,3,3,3,0,0
pep_1df2d47190b5,EDLALNATVLMWPSKINPIFDENDELI,3,3,2,1,1
pep_1e018667821f,FLPSDFFPSV,3,3,1,2,1
pep_1e31dd66b7b7,LKTRQRRKIHSGFVTALHVLPELLV,3,3,1,2,1
pep_1e58e5064348,AASPTLGGAPCPAALAKGWLRVRRE,3,3,3,0,0
pep_1e903801140c,KKKKKKKKKSLVREITKDEWMEKLNNLH,3,3,2,1,1
pep_1ec5a5d4af32,AIRLNEELKVDEEGSTSRNFLDLRAGV,3,3,1,2,1
pep_1f00aad6216f,ENHTESDFHPALNLSSDADSEALFGVP,3,3,3,0,0
pep_1f0226f5a30c,LIWNKDPEATEKFLRYAQTQGTGGK,3,3,3,0,0
pep_1f0b0a1aece9,ILANTVCMCV,3,3,3,0,0
pep_1f3b4dd51b1c,VTTLILGGHNKRADQLARDFRIPDKRL,3,3,3,0,0
pep_1f4b3c80ec3e,LERLNRLETLAAIGGGELGSVRIHHKH,3,3,2,1,1
pep_1f727ccff71a,LTQDLKAAARCFLMACEKPGKKSIAAC,3,3,3,0,0
pep_1f7609bb6bb5,GRPIGALARGAIGRRGLPIIQRGLPRG,3,3,3,0,0
pep_201ee7cf16c3,AWLWGAEMGANEHGVGIANEAINAREPAAET,4,4,1,3,1
pep_20780f083c99,RLGHRVLGLIKPLDMLQDQGKRSVPSE,6,3,6,0,0
pep_20960415fef1,QLFYVVPNV,3,3,1,2,1
pep_20af1226e831,DVSGSHSPGEPVSLSFANVHKDPNPAH,6,3,6,0,0
pep_20f1c83bdefc,GNLAGLNTRGPQYLALY,7,4,2,5,1
pep_2117117e7f8b,SGLEQLESIINFEKL,3,3,1,2,1
pep_211a9815a0c9,KLNPPPESLAAKLEV,3,3,3,0,0
pep_212e7640f0e8,INAGFGDDLNCIVNDDNAEKLVLRI,3,3,1,2,1
pep_214421d9554d,RSFSHLLQWKQRVILLKRQCWQFMSVG,3,3,2,1,1
pep_21649d219316,HVVNHLPPYTNVSLKMILTNPEGRK,3,3,1,2,1
pep_21d6fa55e9e4,TKKTKAAAAAAAAPPAAAATAPTTAAT,3,3,3,0,0
pep_2203d38bd78a,RAIQPQIY,3,3,3,0,0
pep_22aa3af6fb5c,VAGARLHLFKAVCSVLANGMKLLGI,3,3,1,2,1
pep_231211fc6388,SLAEIIGIIRQLSTPQSQKQTLQNE,4,4,1,3,1
pep_2332dbdc172e,LQGESLVLL,4,4,1,3,1
pep_234de4ab87dd,GAPEAAEEDPAGAFLAQQESEIAG,4,4,1,3,1
pep_23638bc85d31,IGAREARHSDPKFQINAICSQWLPI,3,3,2,1,1
pep_23896bb9ab2a,RFSSHVGGTLGQFCQEVLWGSPAASDD,3,3,2,1,1
pep_23db43ab0355,ECIQCGKAFCRSAKLIRHSIIHTGEKP,3,3,3,0,0
pep_23e0f4d20f01,IFRHKNPKTGIYVEKHAKRPDADLK,3,3,3,0,0
pep_24067afbad23,SRAQEENTLFSYLKKGY,3,3,1,2,1
pep_240e742856ce,REGVELCPGNKYEMRRHGTTHSLVIHD,6,3,4,2,1
pep_245856b32d92,VSVDFRTL,3,3,2,1,1
pep_24f6102581fa,EENKWKVKVDESHNTIKQMQSSFTSSE,3,3,1,2,1
pep_250e80b787b5,VLRDFFSL,3,3,1,2,1
pep_2517270deacd,EETDLIEPTLLDKLICYIGTLASVY,3,3,1,2,1
pep_252933efe8c9,MAESEDSSLRIVLVGKTGSG,3,3,2,1,1
pep_252ac60938ca,RSFLHLAR,3,3,3,0,0
pep_254d1d6cfdac,STFSFLRS,3,3,1,2,1
pep_25af214bbe76,RVYLMLPL,3,3,1,2,1
pep_25e1d45c92f4,PGIPPSAGAHQLVRGFSFVATGLME,3,3,1,2,1
pep_25e371a8c92c,SYRVSKSSWLEENDDPVVARVNRRM,3,3,3,0,0
pep_26d85c6630a8,KKKKKKKKKSLVREKPDKGASYTPQALK,3,3,3,0,0
pep_27036d9e6e5c,STHFYSHRSDDPSREGS,3,3,3,0,0
pep_272327bd03c2,ITVGQRIGSGSFATVYKGKWHGDVA,6,3,4,2,1
pep_2728e333c5a3,QRPEPENTGVRNILG,3,3,2,1,1
pep_276179dcc3d8,CSRSRKRQTRRRRYPSSFVASCPTLLP,2,2,2,0,0
pep_2776a975c953,GTVGSWMIWK,3,3,1,2,1
pep_27802d790573,LAAMAPEHEIPKTGWYSRFARHPFY,3,3,3,0,0
pep_27970a1122d8,TVKSPVLPSGHHLHIPAHAEVKSVPAS,3,3,3,0,0
pep_27d2d421ca57,LSHHHSSPNSLNRNS,3,3,3,0,0
pep_28122c6221c9,EWHLVAPMLTRRIEVGVAVLNRLLYAV,3,3,1,2,1
pep_28400a87923a,AEWRRRGYAPLLYPQSHCDVPADRDRY,3,3,2,1,1
pep_286ee6a8318c,LNDYVDIICPHYEEHSVADAAMEQYIL,3,3,0,3,0
pep_2883ef052b40,IPRVPMYSVLLKREWLKKKKMKKGM,3,3,3,0,0
pep_291e569ba21f,GTLTENKMVFRRCCVAGFDYCHEENAR,3,3,2,1,1
pep_2986227d6271,MREHLELFWSGVNIPKVLRAAEQAH,4,4,1,3,1
pep_299adee508bb,SSISATPLPEEFQLQGFLALRPSFR,3,3,2,1,1
pep_29aa209f3317,PVRMTADGILHTVSRLGAMMGPLILMS,3,3,3,0,0
pep_29b925b07ddf,LHSFYDRIKFLVDRDSTHIIPGENP,3,3,2,1,1
pep_29e2983b8d9c,LLKDPGVGGKARAVAGAPVVGSGSSGG,3,3,3,0,0
pep_29e757f683e7,SCCSSPAGLSREYKLVMLGAGGVGKSA,3,3,3,0,0
pep_29f3f97cc5c6,FQKVLTCTGVPWPCRLLLPSPPWDR,3,3,1,2,1
pep_2a01e118390d,ASDTRLSEGFSIRTRDSPKCYKLTD,3,3,2,1,1
pep_2a1695c13af0,NLTLHYRTHLVDRPYDC,3,3,3,0,0
pep_2a4ab44ed6ce,YLILQAMLK,3,3,1,2,1
pep_2a75b5554009,IRSAQSAAAARPQVSEGTAPSRKATTR,3,3,2,1,1
pep_2ab009992985,LPLEAVK,3,3,3,0,0
pep_2b3cd21e95f0,PSHSTPSFTSSISTTENATHSTPNF,3,3,2,1,1
pep_2b4ae8ef3410,SKEEVERMVHEAEEYKAEDEAQRDRVA,3,3,3,0,0
pep_2baef3dfdf39,TKSTPASQVYSLTTDFAFRLYRRLV,3,3,2,1,1
pep_2bb7d291e441,EPPVMAQELPGLRLVTAAVELPEQP,4,4,1,3,1
pep_2bd99be4f2e4,HPHLAAAAAAAHHPTQPHLYTYTAP,3,3,3,0,0
pep_2bdcf253e5df,WHMGHSIEEIPIFRLKAGQTPPRPPLG,3,3,3,0,0
pep_2c07105dffd7,DEAPRFIQEPYVAMVPEDIPAGSIIFK,3,3,0,3,0
pep_2c53dce00211,FTLRKKLVFPVPLDALSL,3,3,1,2,1
pep_2cb8fe280407,WTDLLLALRSGALRKRQVLGLSAGL,3,3,1,2,1
pep_2d1618400678,CTCSSLCRK,3,3,3,0,0
pep_2d3265aac8b0,KLFTHPVYL,3,3,3,0,0
pep_2d44fa9291e0,KKAPVQAAKLPSSAPARKPPLSPAQ,3,3,2,1,1
pep_2d9663e59aa4,QSYVPAPL,3,3,3,0,0
pep_2dc9be03f700,FATSLGSAFHPVLPHYATVPRPLNK,3,3,3,0,0
pep_2de43807be4b,ASAFSRASQRSVRLAPVYQKLFERMKH,3,3,3,0,0
pep_2de605d513db,FLKDFFTSLSAEVKLQMTPDPEVKKSP,3,3,1,2,1
pep_2e15d586fc26,LAGAYELLGLGAMGR,3,3,1,2,1
pep_2e3e55a11550,HTDAHAQAFAALFDSMH,9,3,5,4,1
pep_2eb9c8bc451f,SYITSITTTETPLSSTPSFSSSITT,3,3,1,2,1
pep_2ee0233eb83e,LPVLKEILDK,3,3,3,0,0
pep_2ef17e5c6732,GWWLLWKRCNPLATKVK,6,3,2,4,1
pep_2fd0a8f52cb5,TTEVHPVAPTHFGRKYFGTD,3,3,3,0,0
pep_2feeba1845e6,DTAKALADVATVLVRALYELAGGTNFS,4,4,1,3,1
pep_305b48db1c0e,KRNIPMLFVRGDGVVLVAPPLRVG,3,3,2,1,1
pep_3077e1d1001f,TRSRTTPFMGIIYKTARTQQYPHLH,3,3,1,2,1
pep_30c2e9304df4,MAMVRKSGSWLRLNAGVSIAAPDAG,3,3,1,2,1
pep_30e34462c5b1,VDARQELDLRIGSAFTRFQTKYFQG,4,4,1,3,1
pep_30e4874c9b47,KPGTYVMTVTAIGADDPNALNGMLR,3,3,1,2,1
pep_31ff9525634a,GFNSNVGSKVLGLIYEEIDCLINDEHT,2,2,2,0,0
pep_32535aff5def,DDLLGQGATASVYKARNKKSGELVA,3,3,2,1,1
pep_3264dbf76dd3,LNSTYSEQDPLLKKLSQEIIELLKKLV,3,3,3,0,0
pep_328da20241bc,VALAQRKEERQAHLTNEYMQRMASV,3,3,2,1,1
pep_32d90b5b2f90,VSHWQQQSYLDSEIHSGATTTAPSL,3,3,2,1,1
pep_32e117331f7d,HRNLDLLGSVDSPASAS,3,3,3,0,0
pep_3319455c0822,LKNIVISLPRLPLVNSY,9,4,5,4,1
pep_333c7ad4acbd,KAENDLNELKPLVYSPHAIVVRGALEI,6,3,5,1,1
pep_335a52a0ce13,RPDLEQTVYLSSYEIIT,3,3,1,2,1
pep_33ca4095ea57,SLVDGPEASLMEQGRTNHVEGNRLSPF,3,3,3,0,0
pep_33d1f79140ef,GRAKAAVFPSSSGRCRTARTATFPR,3,3,1,2,1
pep_33ec57d2aa69,AEERERTREQEGVMW,3,3,3,0,0
pep_341875c8254c,HVLWDLKQMFRCAVLKN,15,3,7,8,1
pep_342a463d75c2,YKSCFQPLFQFENMQEIIQNFVRVH,4,4,1,3,1
pep_3437727d0f93,PGFWVKAFLNHPKISILINRRDEDI,3,3,1,2,1
pep_344a4fdde05e,TLQGFLLKYDPCQILQFATLEQKIL,3,3,1,2,1
pep_3462bf011250,NTEGPQCNKCKAVFFGDAMKATATS,3,3,3,0,0
pep_3467c14b1796,ASSPTSPNALPPVRKASPPSGLWSP,3,3,3,0,0
pep_34c1a7226878,NYIDLPVLAIHGNQKQNKRTTTFFQ,3,3,1,2,1
pep_34cf6756f337,EFGITSDKLLLALREMEQAVELCGR,4,4,4,0,0
pep_34d73506ad3f,GQTEKYSDLLSQRLNQPLTSSKAGS,3,3,3,0,0
pep_34f73c596adb,KKKKKKKKKSLVRNSIDNLYFKMLAKVK,3,3,2,1,1
pep_35107070f325,RVCACPGRDRRTVEENLRKKGEPHH,3,3,3,0,0
pep_35325d2c34b2,IRQPPGKALEWLAHIDWDDDKYYSTSL,3,3,3,0,0
pep_354c5a5a94ff,FPDVGTYEDFHTIYWLREKSRDTDRHR,3,3,1,2,1
pep_359bbd1ce2fc,KKKKKKKKKSLVRNQIYSADDKRALASF,3,3,3,0,0
pep_35d216124f64,SPHLDAGAVAAPQPRSLAAATRPQA,3,3,3,0,0
pep_35e1199bf795,EKGKIYRQGNLFNFLRLTEWRGPRV,3,3,2,1,1
pep_35e3a027c640,VNILMCFLDLLELLIASRIHLKLHF,4,4,3,1,1
pep_363bbd2cc470,IASYINNFHQQKASFHHLSAPALLSAQ,3,3,2,1,1
pep_36533f9bc29c,HSGQNHLKEMAISVLEARACAAAGQ,3,3,2,1,1
pep_366c826a0df5,LLLEFQEPSLPSLEVADEPPTLTKE,3,3,1,2,1
pep_367dab53c04d,LMKNCWETEASFRPTFENLIPILKT,4,4,4,0,0
pep_36818ef567a6,SLESLHSFVAPATKELMWLNEKEEE,4,4,1,3,1
pep_3689bf79153a,IRGLSLSASRYALLRLE,3,3,1,2,1
pep_368d49fd36d1,QQHQLPRAQPAAAVHVPRGPRARHP,3,3,3,0,0
pep_36a17d21c7bb,KKKKKKKKKSLVRPTYRKAGSAQLYCSM,3,3,2,1,1
pep_36b353f50e04,TWDAKTLMECCRPNHGYTHDSRAVKFL,3,3,1,2,1
pep_36cb735dcdba,WSMMMVTYR,3,3,1,2,1
pep_36d90129c3fc,RSLTEEMALGEPAAAAAALLGGEEI,4,4,1,3,1
pep_370b8da960c4,SRDRRKIDDQRGSLSGNSHKHKGEA,3,3,2,1,1
pep_377d80d75559,QLCLNFARSLWYEQTLPPHEAKHYL,3,3,2,1,1
pep_37b38f13c4f2,FTFPSHSLTQSGECAEKNQRPRKQTSA,3,3,3,0,0
pep_37f146a5bacb,LSINSDFSDLREIEKQLLLIAGLTRER,3,3,3,0,0
pep_38016378cf9e,EEAERIGVDHVARVTATGSGENSTVAE,4,4,1,3,1
pep_3848310a36d1,EAAVSHAGSMHRERRTFLRSALKELATVLSD,3,3,1,2,1
pep_3872651ccc8f,PGKRRGPTIKISVVQVNVKSIIQHE,3,3,1,2,1
pep_387305cacdba,RATGAALLVAPGLRSAPTLGAAPES,3,3,3,0,0
pep_388bb66b1482,CVYNLMCMK,3,3,1,2,1
pep_389c1912be97,EQLGQLHPELEQFRLYQAQALYKAC,3,3,1,2,1
pep_38a3ce70d26b,HVKITDFGRAKLLGAEEKEYHAEGG,3,3,1,2,1
pep_38c3b4bae280,HLQRVPMVRK,3,3,3,0,0
pep_3957ae66ecbb,LLDLEYGLPIQVHDAGLSFKDDMPK,4,4,1,3,1
pep_39a9bf11b4c0,KLLTARTGIEVPCQFLRKKVLLRGF,3,3,2,1,1
pep_39f06dfae670,HNGVLGLSHLLFFLLGF,3,3,1,2,1
pep_3a631a9535eb,STLLYSRL,3,3,1,2,1
pep_3a67e2d4b240,SRWKESDEPFRPVLAKFEFHHGDYEKQ,3,3,3,0,0
pep_3a6ab34aec4c,LQDTQRVWGMDPQSPLCPGPESCPVCV,3,3,3,0,0
pep_3a8537a423c8,IRPIVMSQKDGDWPKKKVTFNSSSI,3,3,3,0,0
pep_3aca1ec43f7b,SARIAYTFARAFFMQHAPANDYLVT,3,3,1,2,1
pep_3aeefce8878b,ARSLAERKREEEKLKHLDKIYQERASQ,2,2,2,0,0
pep_3b10c11c12aa,DDTMVAKRHPALNPIVKSKQHSWHESD,3,3,3,0,0
pep_3b2fe5a33221,LANHTGYINVDWQRVEK,3,3,2,1,1
pep_3b55fd9285e4,NPENKIHITKCHPIESE,3,3,3,0,0
pep_3b5f97bc3281,FSFSKDKVLRLWDVQHQLSIQRIACSF,3,3,1,2,1
pep_3bb976462b3b,QRAAFAHFPELYDFALS,3,3,3,0,0
pep_3bdce94e9222,SLPLPLSSVPAGFTLPASVSVFPQA,3,3,1,2,1
pep_3c178194e6e6,STLKIFFGR,3,3,1,2,1
pep_3c69a11a3104,QSRLLGLVRYRLKHGGQEHALFLYT,3,3,2,1,1
pep_3c90de8c39ba,YVHLVANL,3,3,1,2,1
pep_3c9614e9c8cc,GAAWVLLYSQTAPLRAELAERLQPL,3,3,1,2,1
pep_3cad98062f7b,KKKKKKKKKSLVRSMVILARRSPKEANR,3,3,1,2,1
pep_3d32e99e6e43,SADREKYRRLNEHRQMLLYSQEVEE,3,3,1,2,1
pep_3d774983f22f,ARRRRLQRRRQLLSGTGPGGEARARAL,3,3,3,0,0
pep_3dcfbbf44a5c,TGVGAKKGRKKLYECQVCNSVFNSWDQ,3,3,2,1,1
pep_3e1343d2e3bc,ALFSPVLCSAK,3,3,3,0,0
pep_3e1c83bdc127,LRIYLLQYGTLLVEHAP,3,3,1,2,1
pep_3e6620605865,LMSLYSACSSEVSHGPVDQKFQSIV,3,3,1,2,1
pep_3e8d15ab34f7,FKKIKVLASGAFGTV,3,3,1,2,1
pep_3eaf4e47c955,IYYLDEIPPKFSVKRLTAGLIAVIV,3,3,1,2,1
pep_3ef550dcf1a6,DGGSPPRTSSALLRV,3,3,3,0,0
pep_3f0b45f77980,LYSPVSEDSTVPQFEAP,3,3,3,0,0
pep_3f1d9402fc92,YMFSPVKLK,3,3,3,0,0
pep_3f542f296068,HSALRYGGSFAELAPRIGRLQQAQLWN,3,3,3,0,0
pep_3f7b9fd4ed82,KRWLYWQPTLTKMGFVS,15,3,8,7,1
pep_3fa7695a8689,FCHVERVMLNLFVRKLY,4,4,1,3,1
pep_3fc81a120b10,WYLLPPTASISRVLSMYEEAFQNTS,3,3,1,2,1
pep_3fdce6dae195,GSSYTSKSLGLCPRVLK,6,3,6,0,0
pep_401786500cfc,TLFQVASIFL,3,3,1,2,1
pep_405155c423f9,KKKKKKKKKSLVRAEPDRAHYNIVTF,3,3,3,0,0
pep_40628fb139f6,KNRHRSHISEKAYQC,3,3,3,0,0
pep_40b03c2ac73f,RLKADTSDMSFEELLRL,3,3,1,2,1
pep_40b0b5040d68,VNILMCFLDLLEFLIASRIHLKLHF,4,4,3,1,1
pep_40ec1959aa94,SRYFHIPIGNLPEYISTFGSDLFFARH,3,3,2,1,1
pep_40f4fda8c1c4,IAMAKSAKLIQQQLEKE,3,3,3,0,0
pep_412920ad9f69,EPFQAWTGFYTSRRSLKGLARRASALL,3,3,1,2,1
pep_419206a93f8f,KKGSEASAASRQFDTSGPVTTSKSS,3,3,2,1,1
pep_419894c4c5a8,YDVPHTCGPDSKICCQFDFKRLPGG,3,3,2,1,1
pep_419e501e51ff,AEKEDKMLALSLEYEHLLYGDIIRQDF,6,3,5,1,1
pep_41b0249e0471,PAVPGAAGAGPRVLLAPTQLRRLRA,3,3,3,0,0
pep_41da75cdf9e2,DRNTFRHSVVVPCEPPEVGSDCTTI,3,3,3,0,0
pep_41f57698c46f,IIMKALWTGQYRFISPKDFKITIGK,3,3,1,2,1
pep_423001a4992e,LVVRRFLSR,3,3,1,2,1
pep_42aa26b8c41d,GQNKKVMIYRFVTHASVEERITQVAKK,3,3,2,1,1
pep_436afcea3eb0,GGAAAVARRNERKRNRVKLVNLGFQ,3,3,3,0,0
pep_43b377c692a8,PAKYGGNFKPLEKSGNS,3,3,3,0,0
pep_43f0ff14c675,LSTYRTACKLRFVQKRC,6,3,2,4,1
pep_4406c849c233,VYRLGARDAHQGCPTWALRPEDGED,4,4,1,3,1
pep_443939fc6e34,LSFVPTYYK,3,3,2,1,1
pep_445c59ce952b,NQQAGAAALAPERVIKVEKLDPELD,3,3,2,1,1
pep_44b17244ecad,LKLPFTFLSGHIRELRIHVPWTKLG,3,3,1,2,1
pep_44fcab594b40,TGRILACHGTDSLLELFCILSKKEI,3,3,1,2,1
pep_4564aa700e32,DAVLTKCFHVFCFKCVRGRYEARQRKC,3,3,2,1,1
pep_45ab8b79905e,GSSDCEVFSKNHSAPFSKVLTFYRK,3,3,3,0,0
pep_45b2de4433ec,CSHTVKKKTENVPRKEERVESFWKQ,3,3,2,1,1
pep_45df376a8a16,KYGDTTTLEGVLFAT,4,4,1,3,1
pep_45eed76352d8,SGVARARARNAGPRTPAAPASPAAV,3,3,3,0,0
pep_46d18f76b4ea,NLVTPLPVILGHDAAGIVESVGEGV,3,3,3,0,0
pep_47260b31a2e1,TKLLPFHRIFLDGLEENEAIDQDLQ,3,3,1,2,1
pep_473273144aae,SFRVGLGPGASPVHVRSISALGRTFTR,3,3,3,0,0
pep_478174cdd007,GHTNPLATSSPAWRP,3,3,3,0,0
pep_47c2ecc8e4c4,RILKFLLK,3,3,2,1,1
pep_47ed4ba2a45a,YLAQFAAHAIISELV,3,3,1,2,1
pep_4845445afb75,KQMVAESQARVSQLNMQMEGQQRRLEELQQE,4,4,1,3,1
pep_485be09d346c,DLTKRNNMDFSISIGNITPADAGTY,3,3,1,2,1
pep_48897395e218,HQYYGVTPWGVYRASLFQQQAAAAA,3,3,2,1,1
pep_4949a6104963,SLVRLNLSSNELKCLPAEINRMKRLKH,3,3,3,0,0
pep_49900b58cf63,YEDYMPLHAPLPPTSPQPPEEPPLP,3,3,3,0,0
pep_49d33ffc6020,KLFKDLGLPARAISTTFGCRVNVAI,3,3,1,2,1
pep_4a08ab00d932,SNAPGTPRDDGEMAPAGTFLHPFPS,3,3,3,0,0
pep_4a25095f03e9,AAVGPAAALTRSLLAAAAAAASSVSSS,3,3,1,2,1
pep_4a40de33a952,RAFTRSSTL,3,3,1,2,1
pep_4a8ef633ff02,KKKKKKKKKSLVRRRWYKSWFFMKKGSW,3,3,1,2,1
pep_4aa0877dffe8,KRDIMQNIVQILDSVQLKWELFQSW,3,3,1,2,1
pep_4acc89793b86,TSDSEGSYAGVGCPRDLQSPDFTTG,3,3,3,0,0
pep_4af356f6cf66,TLGSAFLNIMWPQEIANGKWLLYPM,3,3,1,2,1
pep_4af59bad430d,LTEPDLGVTIDLLNPDTYRIDPNVL,3,3,1,2,1
pep_4b29a82ae92a,GIWKEFFCDLSPLEFRL,3,3,1,2,1
pep_4b4b7b201d1f,DRGKPDKGLSSGAKGSEKQESKNPK,3,3,3,0,0
pep_4b9da55b4684,TLDGRLQVAGRKGLPHVIYARLWRWPD,3,3,1,2,1
pep_4bd7225157b2,VIGSTSAPGQGGIVAQREFDRRFSPHF,2,2,2,0,0
pep_4bdabf30f9e3,SGETPLSAYKVKSCTKIIRRRSSTSLP,3,3,3,0,0
pep_4c0d9937e9c7,RNLKVLKADVVLLSASGPAVKRITFSP,4,4,1,3,1
pep_4c4e82ac260c,LEVISGERLAKPEQGKMRVHKISNVNK,3,3,3,0,0
pep_4c8fd86dbce3,WQQQSYLDSGIHCGATTTAPSLSGK,3,3,3,0,0
pep_4ca9e5ae3ce9,IDMTGREQKVYYIYSQISHKHNVPD,3,3,2,1,1
pep_4cb312ae30b3,NIMHFNVKKLAADAGTFLSRAVQFT,3,3,1,2,1
pep_4cb8a07dbdea,GNNAFRVYLMLPLSERP,7,4,2,5,1
pep_4ce0482e9526,PGDTAKAVVAQADRHLPQSVRIYIR,3,3,3,0,0
pep_4ce3a284a54a,AGLARLLLLLGLLAGGPAPAGAAKM,4,4,1,3,1
pep_4d3a6b22f5e9,GYLLKQALKRELNIGVIKQNRSSAVDP,3,3,1,2,1
pep_4d5fd95818c2,RSHFPGCLAQEMHQQAQELLQKYGN,3,3,1,2,1
pep_4dcf35696835,MCNSSCMGGMNRSPILTIITLEDSR,3,3,1,2,1
pep_4e37c4e26f55,SVLLFTILNPIYSRTTDVLYTICNPCG,3,3,1,2,1
pep_4e3dae3250f3,GSIMREGRDRVVNLAMDKTGRILACHGTDSV,3,3,1,2,1
pep_4f3a24d43185,LCGKLTHNEFTITPVIVPKQSAGPDYC,3,3,3,0,0
pep_4f513a6138ad,EEFKRAAVPRFVHQKLYLFLQHCFG,3,3,2,1,1
pep_4f7db94a721a,ASMHRFGPIPLGSLGWMTVKQPVYV,3,3,1,2,1
pep_4fa3a4899a79,TKNRHGHRQKHLLVDNFLAHESLKK,3,3,3,0,0
pep_4fbfa0831b9a,VTDHTQRLSIITKGLFQVAFNRVARGM,3,3,2,1,1
pep_4fc64860a41a,KMLGTLLSQDTTISF,3,3,1,2,1
pep_4fe6f8e92bac,TFSELQKTYGKDKFY,3,3,3,0,0
pep_4fe77c568d46,GGKYAVGLACIGGGQ,3,3,2,1,1
pep_50053f6cd451,TNRLRLQKQILKSKKNKPLDPEMQCLL,3,3,3,0,0
pep_50065bd210e1,KQSTFTLPLSNQRASVNPSLVKVHI,3,3,2,1,1
pep_502be6eb4a64,LEKRAYICAHPLDMTC,3,3,3,0,0
pep_5039f37f475a,KAPSSEKLPVMYLIDSIVKNVGREYLT,3,3,1,2,1
pep_505a0ce1960f,EDSSGNLLGRNSCEVRVCACPGRDR,3,3,1,2,1
pep_506770f3c4f3,LQSRSAAVVMAVAHLYFHLAPKAEVGV,3,3,2,1,1
pep_50a302afe688,ASILNGLIWLK,6,3,3,3,1
pep_50c58e7e6108,GWLHKRGKYIKTWRP,3,3,3,0,0
pep_5124cce19795,NPKASLLSL,4,4,4,0,0
pep_51301d5f6a12,LVPSDIAACFTLLHQQQ,6,3,3,3,1
pep_5133707a6188,GHKQNYRMIDFLRFRLEKEKAPEPFEEKVVV,3,3,2,1,1
pep_518934c7bdb5,IVTDFSVIK,4,4,4,0,0
pep_5193c71065a0,FLIDLKTRYPILESPEILRKTADDFLN,3,3,3,0,0
pep_51d30b02843e,YVELHRGEELGGGLDPVQLLSGFPRRA,3,3,3,0,0
pep_51e04475e2ae,GLAVVNGQLMAVRGFDGTTYLKTIE,3,3,3,0,0
pep_51f1eb922c2b,KVIENRAMKDEEKTELQEMQLKEAKHI,3,3,3,0,0
pep_5205bc05cebe,PAPTVRLGLPLLTGCAQPSRPHGSPSR,3,3,3,0,0
pep_5271c282e94d,TDDGCGMTPHKLHQMLSFGFTDKVIKK,3,3,1,2,1
pep_528176ecc78f,SFLPGISTVLTRIITGD,6,3,4,2,1
pep_52c17a5f1f1b,RRLALFPGVALLLPAARLAAASDVLEL,3,3,1,2,1
pep_52db59ff70ed,DWKEQEWDPEKPNTYAGIFHFHFWRFG,3,3,1,2,1
pep_52faaed098f3,FANLNQLGRPASEVKSPFYVSFLAGCV,3,3,2,1,1
pep_53090cfa00eb,LYRTTVIQDGIKRKVDLVVHPSMDQ,3,3,1,2,1
pep_536eeebe2d27,MAAALTFRRLLTLPRAARGFGVQVSPSGEKI,3,3,3,0,0
pep_543eebd6ce88,LLDMSSIFHQKAKKYMSNVDSWCKA,3,3,2,1,1
pep_54414bf50ef6,AASSDNIMLQYHALGVL,3,3,1,2,1
pep_548b53bce161,DALIAHYPRIYNDDKNTYIRYELNYIL,3,3,1,2,1
pep_549214e37f2d,SSNYSLPGLTASQLSHGLQTHQHQLQD,3,3,3,0,0
pep_54c7543b98c4,ILVYLEKTCDWLLKPNMSASCKEIV,4,4,1,3,1
pep_54d6f050434a,RNLCWEWYQEVPYFNVNAQLKPMEF,3,3,3,0,0
pep_55108426ded3,TIGQANDFLEPLLEAKK,3,3,3,0,0
pep_551574089f47,ATFSTEEPSFYPFTKCNVNFREKKH,3,3,2,1,1
pep_5568415544ca,MYEDYMPLHAPLPSTSPQPPEEPPLPD,3,3,3,0,0
pep_558d85e401d5,LPNKSKQQ,3,3,3,0,0
pep_55e5ef78ad3d,LATGLDGRYLLRDSE,3,3,3,0,0
pep_565e5bcbe35d,RGEHYRYKFSLPGGQHA,6,3,6,0,0
pep_5691bb5ecc77,TNRLRLQKQILKSEKNKPLDPEMQCLL,3,3,3,0,0
pep_5698454d33ff,SASAIMGHPKVKAHG,3,3,3,0,0
pep_56c5c1668294,RVPQEAVKLIIGLQGANIKQLRKQT,4,4,1,3,1
pep_5721f6b1bc0e,IAMGVPLHRLKDIRLLYGESPWGVTPI,3,3,3,0,0
pep_572febccc2d9,WLPQQHRRWPQLPHRALLRPDPHLR,3,3,3,0,0
pep_5761dcb8e78c,ASSLSRPWEKPDKGASYTPQALKKFPSTEKS,3,3,3,0,0
pep_57bce5ec6a81,GSDSLLTGMAFFKIREMFFEDHIDDAK,3,3,1,2,1
pep_581f9b294802,QSRFLTSDISEERVKVVSVLPRALSLS,3,3,3,0,0
pep_5832a6267a28,TKEKVLRRAKRRWTPIPCSMLENSLGP,3,3,3,0,0
pep_58937a3b0d07,PCGNDTFNREPAIVRFFSRFTEVREFA,3,3,1,2,1
pep_58975a66b603,SIAIGSAKGFNQADK,4,4,1,3,1
pep_5900fa562cbb,PAVITTCPALGTRRM,3,3,3,0,0
pep_591635417ed5,GDVENWARSIELYMRTIATALEYVY,4,4,1,3,1
pep_5951d9d301f3,EQRTLIVTHSNQSLNQLFEKIMALD,4,4,1,3,1
pep_59d58b40c0b2,VKAVTFTASWERVLSQARLARWVLF,3,3,1,2,1
pep_59f22973e0c3,TVLIGRTQRNTDNKIYPEEYSSCSRHP,3,3,3,0,0
pep_5a0ec5d68612,STEWVKRQKISFADQ,3,3,1,2,1
pep_5a104482130b,CKRHPLYVDFSDLGWNDWIVAPPGY,3,3,1,2,1
pep_5a36b4e5216b,GAAALSLPGALAKRIMDQLVGAAETGI,3,3,3,0,0
pep_5a4a7e58e6e8,LQKENLKLSSENMELKFQLEQANKD,3,3,2,1,1
pep_5a850f59a1f3,RAEAYLIEEMYDQAIQDYETAQEHN,3,3,1,2,1
pep_5b211419c5e1,SSIADLSPGLPSMSGSYRRLQVREN,3,3,1,2,1
pep_5b4c94b13675,DKSAMVTKSLEYLSEVLKYIKPYLGKK,3,3,2,1,1
pep_5b6228227c35,FLKELQNEL,3,3,3,0,0
pep_5b83d1733a25,PQPVVPLQPVPPHLPLYLAPASQVG,3,3,3,0,0
pep_5ba7f056a00b,VLIEIPTNMYKHSLFSASRPTSVVY,3,3,1,2,1
pep_5bd869b872d6,VGFQQSAHKVL,3,3,3,0,0
pep_5c940e783bab,ALGRCTSSVGPGSRWLTRTSSPGCA,3,3,3,0,0
pep_5cc47f0e53ba,VGEDKSYHGGGIGSS,3,3,3,0,0
pep_5cd7cc63993d,EDGWNKLFDLIQSDLYVRPDDVHVNIR,3,3,3,0,0
pep_5d3fb3a17aea,MCVNKTGTRIKLLDFGLARRLENAG,3,3,1,2,1
pep_5d456451f0f0,WTMLITQLPDIQAKLHQLQMEKLPS,3,3,1,2,1
pep_5d49ca8276d8,IEGTTHQVYVLKKPYVDEFLRRMGE,3,3,3,0,0
pep_5d727e96bb41,RLLSGDSTEKRTASPVNKVIKSASATA,3,3,3,0,0
pep_5d75c72954ad,SYYSLLMPI,3,3,2,1,1
pep_5dfd89ecdfc3,KKKKKKKKKSLVRNLLNDWSEKLNSLMS,3,3,3,0,0
pep_5e1f0d9f59ef,ILFNAYLHLEKANSWQRPFSTWMQE,3,3,1,2,1
pep_5e49df5077ba,MAESEDRSLRIVLVGKTGSG,3,3,3,0,0
pep_5e56f15e2e67,NEARSALLRTVVSMLKKSPPHLIKEII,3,3,2,1,1
pep_5e906fc8d571,PGAAPVVVAHARLSRVL,3,3,3,0,0
pep_5ec7073baf3f,RWLYWQPTL,6,4,5,1,1
pep_5edbb6427814,SQEGLGFAAQPAPATALRFVHRGGP,4,4,1,3,1
pep_5ef50a558e2b,KDKRKKLCETFERIL,3,3,2,1,1
pep_5f4d45bc3803,LHMTGQMTVNQAHNAVRTVAAHNQE,3,3,2,1,1
pep_5ff7ab68b6e0,ALWGIAILL,3,3,1,2,1
pep_601cf3f9f5a8,MLPSLELFL,3,3,1,2,1
pep_601cf854a75b,LHKARFSYILPIVGICNEPEFLGIV,3,3,1,2,1
pep_6073a2b6c16f,DGSNYFVRLYMEPLLVNLLTPDFSM,4,4,1,3,1
pep_6082fd4f2af9,LWLPQQHRRWPQLSHRALLRPDPHLRG,3,3,3,0,0
pep_6097a4782a52,KFIFVGTLKMGHLHQYQEEMIQRYL,3,3,1,2,1
pep_60ac54a59185,SRSAVARPPRPGPFLPSQEPGMGPR,3,3,3,0,0
pep_6126969d5e35,GAVPVTGLPPHVVKV,3,3,3,0,0
pep_614f592399ec,VSEFSFVLGSRAGRAGVISREVYLL,3,3,1,2,1
pep_6151f61bfaec,GVASDTIAFGEHYLPPVSMASTVPH,3,3,3,0,0
pep_616c7521e5f4,PGTSYEKFFNSSLEKIR,6,3,6,0,0
pep_62028b7ed1e2,GKKFLPVLKEILDRDPLSQLCENEMDL,3,3,3,0,0
pep_6207276b8938,VTGRAPKPTLLWLHQFDTEYSFLKEVR,3,3,2,1,1
pep_622d24684d48,HLDKLIGYSFQDRCLLQ,3,3,2,1,1
pep_6261e42e3b6e,DNQPGVFIQVYEVERAMTKDNNLLG,4,4,1,3,1
pep_629825049f11,KVCFVYIFY,4,4,1,3,1
pep_62c27b685245,LPGITNDTTIQQGVSGLIDSLNARDIS,3,3,2,1,1
pep_62f3449e46d0,GYLKLTDNV,3,3,1,2,1
pep_62f51e1ca815,PFRRPSTYVIPRLERIL,3,3,3,0,0
pep_63092d241046,PFPGHWAYIAGFDYMVEILASLQKPKK,3,3,2,1,1
pep_632a8140b137,LGNTRMRSVGHENTGSRELKRREKPQQ,3,3,3,0,0
pep_63a0560cc6e1,SLWRQSCRRRKLSPGPTPLPIIGNM,3,3,3,0,0
pep_63a27265434b,HLEKSLCWKVSPHFKMDLLQWIQSKAQ,3,3,3,0,0
pep_63b01a4985a5,PKVNLVMYFFYMKKNLTPSFAMKYL,6,3,2,4,1
pep_63c2a3ee910a,PAVGRKPLDLYRPYVSVKEIGGLTQ,3,3,2,1,1
pep_63e61648c13e,EPFVFNYWEDLHRWN,3,3,1,2,1
pep_641451ac7fe1,KNLSPTAVINITSVKLEGKEPHPQDSS,3,3,2,1,1
pep_64242ef1fc82,LHGLVAAVETLCKVTEYQHEARTLLME,3,3,1,2,1
pep_644c7fd6b740,WIRIAQRCRELRKFSSLRAILSALQ,3,3,1,2,1
pep_64508d969815,GDGAFLLTTTPRSVIVEPMEQFDDE,3,3,2,1,1
pep_64671811c567,AVLAGGALTQPVPPA,3,3,3,0,0
pep_646f71c93828,LPVSVADGRISVAQGASKALLVADF,4,4,1,3,1
pep_647bab934d07,PSTATQAQIKAASYRQCFLYHPDRN,3,3,2,1,1
pep_64831ac0a5de,KKKKKKKKKKEEIFSMVILARRSPKEANRWPRIT,3,3,3,0,0
pep_64a1b69a65dc,AALYFGGL,3,3,1,2,1
pep_64a3892fe44b,IQYEEVLYIQRPMEEDRRKFFQELI,3,3,1,2,1
pep_64e07474e566,QLNRLTRSLRRARSVELPEDNETAVYT,3,3,3,0,0
pep_64f53cef012f,KKKKKKKKKSLVRSSHISAVAVFFGSAA,3,3,2,1,1
pep_656062b6d361,KKKKKKKKKSLVRRQERLRAFNTCISHI,3,3,3,0,0
pep_6582f37a13de,WVDSTPPPGTRVHAMAIYKQSQHMT,3,3,3,0,0
pep_658c73026d21,VVQELKSMVATKITKYAVPDEILVVKR,3,3,2,1,1
pep_65915368efc3,SAILIKHKRIHTDGKPYKCEECGKTFS,3,3,3,0,0
pep_65d4d5acd97d,AEPDRAHYNIVTF,3,3,1,2,1
pep_65d5c668927e,FSNVCSIFYL,3,3,1,2,1
pep_65ecb0c58d3a,ENKILRNLWKEWHCIKLRFLAGHGRSC,3,3,2,1,1
pep_65ee2f93ca65,GPGPESSGVARFRPLHFERRARFEV,3,3,1,2,1
pep_663276202371,KKKKKKKKKSLVRHSGDFRDTEGPPMDY,3,3,2,1,1
pep_66619fb288e2,LKMRTIACGPPQLTVGLTASRRSVG,3,3,3,0,0
pep_668d44a56690,LAKQQRNEMSFVIHNLP,6,3,6,0,0
pep_668efd65ffe1,KKAFPSHSESSIRRRLKLCADFKRTGM,3,3,2,1,1
pep_66aaeb331de2,KKKKKKKKKSLVRFARVHGVIQLIKAFL,3,3,3,0,0
pep_6714b64f5386,KKKKKKKKKSLVRKYYAVNFSMRDGIDD,3,3,2,1,1
pep_6788adb575a7,LSQQLRMKGDYVLWGLFPLGEAEEAGL,3,3,1,2,1
pep_67ba58682ce6,DKMIEDLELSNKQHSLVQTLSGGMK,4,4,1,3,1
pep_67db6d1991ba,TLPNYDNVPGNLLLSALGLRLGDRV,3,3,1,2,1
pep_67e4f41249ae,VSGKKYTAPHILFATGGMPSTPHES,3,3,3,0,0
pep_68115c6c080c,EKALQVLMDQSKKAN,3,3,3,0,0
pep_6814209a8f6f,LKGADAGNGIRVFLPDIGMFIASLTIW,3,3,1,2,1
pep_68a86f3ac034,NGIFPAAAGSRAQSRRWPVQVLSILCS,3,3,2,1,1
pep_68bb0bae8932,NPQYTYNNLSPPVQSNE,3,3,3,0,0
pep_695684765390,HAQLIFCIFSRDSVSSVNQDGLDLL,4,4,1,3,1
pep_697446c32339,QIYAFLQGF,3,3,1,2,1
pep_69969f84c5fc,TYGDTFLPIPSSYDELY,3,3,3,0,0
pep_69f67cd28252,VSSITASRRFDGALN,3,3,3,0,0
pep_6a0047105df8,GKLKDGARSMSRTIQYNFFDGVKQEAIKLLL,3,3,2,1,1
pep_6a234a6129a4,VVRRCPHYERCSDSD,3,3,3,0,0
pep_6ac817d58af0,VSRARKIQRFLSEPFQVAEVFTGHM,3,3,3,0,0
pep_6ace53c27430,VTSGRPQPPGRGTHSIPSHDNKA,3,3,3,0,0
pep_6ae7ef3cb296,KNQGEYCPKHSEMKAADEDVFRKPG,3,3,2,1,1
pep_6b244627bc4a,VICERSKNKSVELEERIREYLKGHYYV,3,3,1,2,1
pep_6b51cde6f301,HHGLQDSILNPMSAH,3,3,2,1,1
pep_6b563d43e458,TMELTGDSMEVKLIMTRKLRRRPND,3,3,2,1,1
pep_6b6ef2d42529,AALHPFVQPTHERKKTPLEHIFRAILI,3,3,3,0,0
pep_6b7144af3f5f,NEVRKRLNELREFVHYYEQTSDMMT,3,3,2,1,1
pep_6b99a4d8c6d3,KTTPYQIACGISKGLADNTVIAKVN,4,4,1,3,1
pep_6bc9a20d72f5,RGLEPVPIQHNGSSRGQVTALVSLK,3,3,2,1,1
pep_6c6581cb6b6a,VSTQEKGKTLLEGQP,3,3,3,0,0
pep_6c68e540ed34,SIVSESDVSSFEIHHSGFVKQLLLYLT,3,3,1,2,1
pep_6c6909bea532,DPRRQPSKVSSYAMLFAQALPRDAHST,2,2,2,0,0
pep_6c74a362b7b2,IEARSAEDSFTGFIRTLYFADTYLKDS,3,3,2,1,1
pep_6c8da61cacb4,TVQLITQLMPFGSLLDYVREHKDNI,3,3,1,2,1
pep_6cad6a560ab8,RQVMAEVNKTFQQLAVFHDLEGMWE,3,3,1,2,1
pep_6ce57fd8f9c2,LYLKFKKKLAGVVVSAIVPATWEPE,4,4,1,3,1
pep_6d0b206f33e4,ITFPENKKQPCYYPPFD,3,3,3,0,0
pep_6d9128ab611c,TVHSVINRSPRHMIEEIVLVDDASERD,3,3,1,2,1
pep_6d9df142700c,REPGALIHSLPYPPRALTPPHVTVV,3,3,3,0,0
pep_6da31f2cbfde,KKKKKKKKKSLVRSMHRERRTFLRSALK,3,3,3,0,0
pep_6df1f7b88774,ITKDSLLLRK,3,3,3,0,0
pep_6e087d4288a9,DGSTLQVQEKSNMWSWGILKMLKGK,3,3,1,2,1
pep_6e2ded0a1386,LFNEINARKIHGQRNVFEGIFNNAI,3,3,1,2,1
pep_6e33cb2014d4,NCVDPWLHQHRTYPLCMFNITEGDS,4,4,1,3,1
pep_6ea2b69b8b4d,HLPLEVAYQRGYRNKDTHDQLSEPS,3,3,3,0,0
pep_6eae3e31d60c,SEQDELDFLMEALINSKFNHQNIVR,4,4,1,3,1
pep_6eda35c052ca,TGELVKAIVVRTGVSTSKGQLVRSILY,3,3,2,1,1
pep_6f62e2bc1be8,STHFYSHRFDDPSREGS,3,3,3,0,0
pep_6f92f8f8bd28,YAEKSDEITKDEWMEKLNNLHVQRADM,3,3,1,2,1
pep_6fa0d4ada716,APSPGTPRTCPIAASSAQPVTSATF,3,3,2,1,1
pep_6fbd50f06066,YYGASAGSYQFSLVGGERSPPRILP,4,4,1,3,1
pep_70056fa54c17,FLGRINEIVYFLPFCHSELIQLVNK,3,3,2,1,1
pep_7013a4e8b98d,ACDYGNNIRTVAWVPGPAFGHQIAY,3,3,2,1,1
pep_7043c3d1a291,SSQLQFSPEEVLGRVLNYSRSLAEDFA,3,3,1,2,1
pep_70624818d4a6,FLPNKSKQQSYVPAPLR,6,3,6,0,0
pep_70b24a451e06,KKKKKKKKKSLVRQSFCWKSQIALGYTR,3,3,3,0,0
pep_70ffe25d3795,PKAKEPLPLPLGDSSSGGAAGPGPARP,2,2,2,0,0
pep_7100eb909bd2,NSTLDRHLDFFELLRNEDELEFAKR,3,3,1,2,1
pep_718d723eb21e,TPPPPGCSSRRAALRLRGHPPALRRRP,3,3,3,0,0
pep_71e73d2c9fff,NPENKIHIIKCHPIESE,3,3,3,0,0
pep_72a8991a962a,PKSIYSQIQEQRVMKEARRRKEVNR,3,3,1,2,1
pep_72d9443f1c34,LARRGSGLALGGPLD,3,3,3,0,0
pep_735dedc811dd,AMLKGLLQL,3,3,1,2,1
pep_737097dddac0,MLSPHIHPPSTPPMPGNPPGLLPPP,3,3,3,0,0
pep_73e5b3d83ac2,LPTLSTDGL,3,3,3,0,0
pep_73e632cbbbf4,IQLGLTFMNEQGVYPPGTSTWQFNF,3,3,1,2,1
pep_74d497aa1fa6,IPRADPLPRRTRSPLLLPRLDPGQR,3,3,1,2,1
pep_754216600704,LRRHHNGIVGHFYGGLA,3,3,2,1,1
pep_7557009a343d,KKKKKKKKKSLVRSPDSQITFYGPLLNA,3,3,1,2,1
pep_75673950d678,AGEKESPSSVADDRLVQKEFLHGTKRD,3,3,3,0,0
pep_75c692f6b0be,SVGEDFFRYWEPSLELT,3,3,1,2,1
pep_75d3554b3e55,AGNRHIKFCYLDDSKTS,3,3,1,2,1
pep_75d6e78136f8,RVFNARNRIIGGDSEAWDVQVHDQKIK,2,2,2,0,0
pep_75f8283c7ee4,CAKNKYHVLHINTSKNNPVMSLQDQVR,3,3,2,1,1
pep_76079024b92a,FLKANLPLLQRELQHCARLAKQTPAQY,3,3,3,0,0
pep_7618078da7cf,PIKVTEWQQTYTYYSGIHSGANTCVPS,6,3,2,4,1
pep_76355bc00c85,SLKSSKKKMVRLDLLMRYLKAIKRM,3,3,3,0,0
pep_765d44ae8064,SGQAYMFPNAPYLPSCLES,3,3,3,0,0
pep_765fdf28af4f,GLSHEAFRLVSRWDYASEAIKGAVV,3,3,2,1,1
pep_766c3b58b944,LLGCFRAVLSVELHPVEGRLLDKESSK,3,3,2,1,1
pep_76cd529896c0,HFSNVVKGEKILPLFDEPPNPTNVEES,3,3,3,0,0
pep_76d7c3eb0514,KKKKKKKKKSLVRALFSVLNYERARRPGLLGASVLGLDDIHRA,3,3,3,0,0
pep_76d876bddd7a,GPCLRIAPAFSSMSNKYPQAVFLEV,3,3,2,1,1
pep_775a1f58cc84,LMKNCWETEASFCPTFENLIPILKT,4,4,3,1,1
pep_77628a52ff4c,GGNRTKTPGPGAQLALRALARSGMK,3,3,2,1,1
pep_778a835c7275,REQIAPFHTEFTIKEVSLDLKKTRDAAFKIL,3,3,1,2,1
pep_778ac3854c0b,MDLIPNFSVETWMLLAT,3,3,1,2,1
pep_77abee2ce1f1,AQLYEKGFYYDKAAS,3,3,2,1,1
pep_77ae374bdff3,EECDKVFSCKSHLER,3,3,1,2,1
pep_77b45152c4b3,IAACFTLL,3,3,1,2,1
pep_77d57b93ad70,CALRHLTSRHPEAVMAQNSVRLNYGIP,2,2,2,0,0
pep_780dd83c3ca6,YYGASAGSYQFSRVGGERSPPRILP,3,3,1,2,1
pep_781ec3624abd,GKKFLPVLKEILDKDPLSQLCENEMDL,3,3,3,0,0
pep_7832e0b7e4dd,IRKNIGFCPQFNFRFDFLTVRENLRVF,3,3,1,2,1
pep_7842838b0515,GARDAHQGRPTWVLRPEDGEDKEMK,3,3,3,0,0
pep_785ed8e9eef3,ERMGSGIQYGDAAFRQLRSPRRAQAPN,3,3,1,2,1
pep_7870e7cd9f89,EEDTDTKQVYFYLFKLL,3,3,1,2,1
pep_7881804fd96d,GSDCTTIHYNYMFNSSCMGGMNRRP,3,3,2,1,1
pep_78e9e1e11eb9,IHTAGKTYICKQCGKGF,6,3,6,0,0
pep_78fb092a387e,SRIFQNKL,3,3,3,0,0
pep_79126522be48,LYTHFLQLALAATGFSV,6,3,2,4,1
pep_794fbdb784de,SLISCWFFPRPLTQQ,3,3,1,2,1
pep_798c8c685ffc,EEWELAQDQLIRNLGSGTCLTSQDKKP,3,3,3,0,0
pep_79c5830cdaf4,LSAYQQRVVALQEESRA,3,3,2,1,1
pep_7a166f276f33,RGVTEHYGINIDYIDLISANMENAL,3,3,1,2,1
pep_7a23143154dd,KKKKKKKKKSLVRAALKETLWLYPVGLF,3,3,2,1,1
pep_7aa4cf6cc8c9,LREQSEQLEQDNCALRGQSLQLLKA,3,3,3,0,0
pep_7acd4f4cfcff,GETVVNVLHFKKDAGLW,6,3,2,4,1
pep_7ad16ad6cc53,AQNTHGFRIYLEPWPASSSLTPRLTIP,3,3,2,1,1
pep_7ad31fb3bf45,IRSFLHLARGCLSSLAS,3,3,2,1,1
pep_7adef9c587a1,KAQDPAAATASSSSTPDPASAPSTT,3,3,3,0,0
pep_7b122919c8de,ILMTYQVPEK,3,3,3,0,0
pep_7b37e6cd016e,TYSYYGPLNWITLNVGYHVEHHDFP,3,3,1,2,1
pep_7b426145c2a9,VENTYEEVVLQTIMKDILQAVKEAA,4,4,1,3,1
pep_7b90e22bcd6a,KRNIPMLFVRGDGFVLVAPPLRVG,3,3,2,1,1
pep_7bffa806a7c4,RKVPGAQLPTAAIASALPGLGPREK,3,3,3,0,0
pep_7c5ccb54287b,TFFLTVHDAILYQQNQVKSQEGQGS,3,3,1,2,1
pep_7c6e88aa2000,VGCIQIVYLHKFLLSLLNFLNNFQTAK,2,2,1,1,1
pep_7c7078173d9d,EDDDFDLTEENLGVK,3,3,1,2,1
pep_7caeab052c8f,NLKDAIQRKYSCDKSSSIHKLEDLVQE,3,3,3,0,0
pep_7cf7cac57c21,KDEKEQSEKAAMYYIISSPSKDSTKLT,3,3,3,0,0
pep_7d0e19697827,ALSSHIWAACLLLLLLLASLTSGSV,3,3,1,2,1
pep_7d1088fd9020,KARNYLQFL,3,3,2,1,1
pep_7d40d86b8b81,RAPRPSSPPK,3,3,3,0,0
pep_7d57a38fc9fa,DKLWESPNVLCLIYDVTNEESFNNC,4,4,1,3,1
pep_7d6188c81921,RFLPGKSKQLIALSSFPGAGNTWARHL,3,3,3,0,0
pep_7dbead3c8e64,ATPVQTSQPDSSNVVKVSPRESSSASL,3,3,2,1,1
pep_7dd18e33d38d,SESKNRLLDSESQWLENGAEEGIVK,4,4,4,0,0
pep_7e25c22aa740,PLPSYPGANPQPTFGAAEGQPPGAA,3,3,3,0,0
pep_7e2ccd1fbbff,PFFGQVRLVDGKCVPIPNKVIFIRG,3,3,3,0,0
pep_7e7507d33ad5,ALNKMFCQLAKTWPVQLWVDSTPPP,3,3,2,1,1
pep_7e7c9a49eced,TTAEETVLKEGMRKQ,3,3,3,0,0
pep_7f13296f46ef,IRTSGVVTSCTGILPQLSMVKYNCN,3,3,3,0,0
pep_7f2a72bfae9d,FTHILLSTKSSENYSLNPEVMREVQSA,3,3,3,0,0
pep_7fb6173ee8b5,KKKKKKKKKSLVRCMGGMNRSPILTIIT,3,3,3,0,0
pep_7fd560aa6d8e,VAPVWYLVAAGLLVGFILFLTRSRG,3,3,1,2,1
pep_8018cd995e71,LQSGAWGCCPFTLAVCCEDHIHCCP,3,3,1,2,1
pep_80b56357fe5c,PSQKTYQGSYGFLLGFLHSGTAKSV,3,3,3,0,0
pep_818a45181e19,GVTRFSRCHLSPFSLTQKGNLLTPC,3,3,2,1,1
pep_825513b40901,RSAPPCANSTVGLVKMTPLSFIPGA,4,4,4,0,0
pep_82661ae6855c,NEGFGFVIVSSVNRPEAGTTFGNAC,4,4,1,3,1
pep_82c3607fceb3,IKSTREEKEWWIHSKYEEKLFLAPL,3,3,1,2,1
pep_82d1f5d7907d,AGEKESPSSVADDHLVQKEFLHGTKRD,3,3,3,0,0
pep_838899b57786,KLSTCIYFYT,3,3,1,2,1
pep_840dbad3d296,CSRICKLLQAEDLRPDTLDSLQRLFLI,3,3,2,1,1
pep_8543ade8ea32,WVDLAWMITFYVRVFLTYVPLLGLKAF,3,3,1,2,1
pep_85a90171f611,LISIFGSGFSGLVTRQPDSSEQPPPLN,3,3,2,1,1
pep_85cf9dcd9f3c,LPERYNWQLQAPDILFYPLRPELVEST,3,3,2,1,1
pep_85e66759e02c,PSSPSRVGVTGHLPLLERRRGPLVR,3,3,3,0,0
pep_85ec76ab644b,QYPFEDHNPPQLELIKPFCEDLGPMAK,3,3,2,1,1
pep_861599417c6d,TDDLLGQGATASVHKARNKKSGELVAV,3,3,3,0,0
pep_861717a194a2,GMRLGAQTPVGVSILEPGQTLLPRMQE,3,3,3,0,0
pep_86e09f8485dc,WRQKRDKVRLRRLAVKPHALELPDKHS,3,3,3,0,0
pep_87233d7f2af9,HTDAHAQASAALFDSMH,6,3,4,2,1
pep_87374bf58729,RTKAAHGFDWEEESQPILQLLTQLLQL,3,3,1,2,1
pep_878d9fd07719,DVNDNKPEININFMSPGKEEISYIF,4,4,1,3,1
pep_87946f67b3f0,CPECRITSNFVIPSEYWVEEKEEKQKLIQKY,3,3,1,2,1
pep_87d5bff0015d,FKSGKFIRIFQLSINIRSVVLRHCKKR,3,3,1,2,1
pep_8812af345a6f,FLSDRHRWEMPSPEL,3,3,3,0,0
pep_8814557d3977,GRSATCANCTAQSLPVAFPPSTEPAFI,3,3,3,0,0
pep_8860dae455b8,TTYKWQKTL,3,3,3,0,0
pep_887b7a1b6e29,RWLRTLSV,3,3,3,0,0
pep_88a67bea3a7c,AVLVQYVDTLKLTVPSLIYTLQNNL,4,4,1,3,1
pep_88a94475fc45,QIFSLAWSPDGQQLATVCKDGRVRV,3,3,2,1,1
pep_894b55390f32,SCCSSPAGLSREYNLVMLGAGGVGKSA,3,3,3,0,0
pep_8978a1a8d449,TSPQTLSNLCLKLNVKLGGINNILV,3,3,1,2,1
pep_898a58dbba29,DSSGNLLGRNSFVVRVCACPGRDRR,3,3,3,0,0
pep_8992544ef3b7,GDDDRVLFAFPGNLVTS,4,4,1,3,1
pep_89bcfd15175e,FTGCNLTWQGADPMAKILKYQTMRR,3,3,2,1,1
pep_89d3b336f401,SGIVTRRPLILQFIFSKTEHAEFLH,3,3,2,1,1
pep_8a924fb45716,VRLENGEPRGLPVIQDVMLAEAQWR,4,4,1,3,1
pep_8ad8174b0c19,LGLPSTPGTPTPMPHTSLGSPVSSD,3,3,3,0,0
pep_8b00e459ac7b,IVFGFGSKDDEYALPCSSGYRGNIT,3,3,2,1,1
pep_8b16989015ec,NLGSFLIKPVQRVVRYPLLLMELLNST,3,3,1,2,1
pep_8b17b452509c,YIWWLNGQSLPVSTRVKRPIENRILIL,3,3,1,2,1
pep_8b434927f751,PLHLAVLFGFSDSCRKLLSSGQLYS,4,4,1,3,1
pep_8b43ffac7e15,NDNSLGDILQASANLSRVINSYKTI,3,3,2,1,1
pep_8b47ade701f8,KLSDSRITL,3,3,3,0,0
pep_8b4f09dea152,LKCIRSSALAQAGVQWRDHGSVHRQPP,3,3,2,1,1
pep_8b8f5c68334e,PFLANSVALFYNFRKSWKSDPGIIKAT,3,3,2,1,1
pep_8b99d9a967d8,ISKCVSSCHFQVAER,4,4,1,3,1
pep_8bc32ed8024a,LKENSSEVVQPFLIGCGTKEPKITQLC,6,3,4,2,1
pep_8c11a5cf7c9b,DLAVGAPPRGEVFGPHRKLSTQDRP,3,3,3,0,0
pep_8c585fd08ed0,KKKKKKKKKHSGQNHLKEMAISVLEARACAAAGQ,3,3,2,1,1
pep_8c596837c803,PLLFRLHPVKPMNATATKVANCSLG,3,3,1,2,1
pep_8c72e73ad900,GKCKSKQLCRSQTLLLRSSTRRNSY,3,3,2,1,1
pep_8c730f92eb86,PSLMEPPSPREDRRLLYLGFQLMLF,3,3,1,2,1
pep_8c75a93de55e,EKMFTLKGSRLPAADFKNIIFLVRPRLELMD,3,3,3,0,0
pep_8cae96e238fa,AAVSHWQQQSYLVSGIHSGATTTAP,3,3,2,1,1
pep_8d1838c71164,QSLMWSWKK,3,3,1,2,1
pep_8d1d27e3e4f0,NCVPEIADTLGALAKQGFDFLCMPV,3,3,2,1,1
pep_8d4749d66e58,PLSESRFSLSFQHPVND,3,3,1,2,1
pep_8d496facabdd,GFAFGAEGPGAPVGTAAPDDCDFGF,3,3,1,2,1
pep_8d70421e7928,EGHFAAEDVKAKFHELNQKWEALKA,3,3,3,0,0
pep_8d7bea8f8ec9,KKKKKKKKKSLVRYMRKMYQYARLVHAD,3,3,3,0,0
pep_8d809c3ddca4,KITASLEIRAIKEPIDFVLNKVAKR,3,3,3,0,0
pep_8dcd850ecf9c,MLDATKGEVQRSLQEKELESVGIRLNK,3,3,2,1,1
pep_8dd51f8883ec,LLGTVYSIIILYRNRVP,3,3,1,2,1
pep_8df2ab5967c1,FERFRHAQLLDATKAGGEFLLRYAR,3,3,1,2,1
pep_8e2e69758581,NQSYQESHCFSFRSHYPHGINTAIY,3,3,2,1,1
pep_8e5851f735f2,GVMKMSAEDIEKVNKGIGIENIHYL,3,3,3,0,0
pep_8e644ee9fe6e,LLAERGHFEEEKQQLFSLITDLQSSISNLSQ,3,3,1,2,1
pep_8e730fbe966e,KITSHSTSSFTSSIA,4,4,1,3,1
pep_8ebc076d1ceb,EPQRAEEEAQRPTAEYCGESQRASA,4,4,1,3,1
pep_8ed01c9742cd,VVAPVESHVPESIQAQGESPAANEG,3,3,3,0,0
pep_8ee2a0778ef8,VEPSTPTVLRSTCTSSPVRPAATFP,3,3,1,2,1
pep_8eebb9e3ebbe,STSSRLIRKHKRRQRKQRLRQADRASS,3,3,3,0,0
pep_8f560865c63a,GKMITAAYVPLPAYHNLFPDSMTAT,3,3,2,1,1
pep_8f73e5ead368,EGHFAAEDVKAKLHELNQKWEALKA,3,3,3,0,0
pep_8fc9121717f2,SIHSTPTGTIPPLTTLKVTGSTHTA,4,4,1,3,1
pep_8ff71bcd0a1e,TPERILMTYQVPEKVKEVVLKEDLEKL,3,3,3,0,0
pep_900a97818e40,LLKDPGVGGKARAGAGAPVVGSGSSGG,3,3,3,0,0
pep_9025ba4599e1,WGCVPGELPSPGNVRSGTSGKPGDK,3,3,2,1,1
pep_903862add9dc,MWATSKDFGMSGLLFGTLYTENQDVAT,3,3,1,2,1
pep_905541f2707c,FVGNVNIFFGK,3,3,1,2,1
pep_90bbf21f83d2,LVAEREKAHEGAQPMRAIFLADGKV,3,3,3,0,0
pep_90be613d2d63,LTISSLQPGDFATYYCQ,3,3,1,2,1
pep_90cfff152630,WCKCLLAGGGGYVLRGGAGLRSRGA,3,3,2,1,1
pep_90e09e3a4f98,KDIFHRLHLSKAKTAHRREILRGMYEE,3,3,3,0,0
pep_91276b36654b,NQDRGTHVDLGLAYANVDFAFSLYKQL,6,3,2,4,1
pep_91464ceb5248,GWSPTPKCLRLCLFPFVENGHSESS,3,3,2,1,1
pep_9152c61b3c64,ALSSEKHVRLEHLCIDVVSENPGQTHF,3,3,1,2,1
pep_919fc281d692,VMSEAEKRPFIDKAKRLRALHMKEH,3,3,3,0,0
pep_91a30455a53d,APMVGNKKTEKDLSLTLAEVMNDTT,4,4,1,3,1
pep_91c73c9874b8,IRSTFPFLESLRDHEFI,3,3,2,1,1
pep_91f0df8e97ca,MDLIPNFSMETWMLLAT,3,3,1,2,1
pep_92cdfdefcfe0,AVKKLIEWCGFQDDV,3,3,3,0,0
pep_931d5354f213,KLHLTQRPTLNRPLSRAALRTALQHLH,3,3,3,0,0
pep_93432664fdc7,TKEKVLRRAKRRWAPIPCSMLENSLGP,3,3,3,0,0
pep_934f3a2c21fb,FLQYIRETNIRDTFTQLDMDQLLGP,3,3,1,2,1
pep_934fafea3e71,PAGPGGGFPEPYHPT,3,3,3,0,0
pep_9353929e1ad2,RVASRYFRGPELLVD,4,4,1,3,1
pep_937c70b652bc,SHSSTRDGRRDRYCSDTTPLLNGSSQD,2,2,2,0,0
pep_940d612fa9c9,WQKDRNSWPRFAEIV,3,3,3,0,0
pep_9445d8fa0c66,EVYKLLSHV,3,3,1,2,1
pep_9453b76cc8bf,SVTAGSPLTNQFYVAAPRGACYGADHD,3,3,1,2,1
pep_9498fa397011,SADRHKSKLIAGKVIPAIATTTAAVVG,3,3,3,0,0
pep_94b8ceb88c9e,NPLPDRPREKEEPVVWETNEAIECHLSDLLQ,3,3,1,2,1
pep_950d52d76fe3,LLVLPLIYFLFTHKNPYRFLWGIVT,3,3,1,2,1
pep_9562be3afeb8,AAWQRLQVGLQACAQMGLLRALGAR,3,3,1,2,1
pep_9580b4ea7796,PRMVYPQPKVLTLCRKDVLVTPWLA,3,3,1,2,1
pep_95b56e9eec64,PFSESEEQLHLHYAGMKPRVMKEAV,3,3,3,0,0
pep_95baeeff7deb,RGGKKASHMKKEASV,3,3,3,0,0
pep_95e4bf40e822,GGKPKALAAADRLLKIFPGVNARGFNM,3,3,3,0,0
pep_96aa32848b1d,ETHVERVLSLQFQDQSLKRSLVHLH,3,3,1,2,1
pep_96ad84dca532,MELPEFFGDYFLEGD,3,3,1,2,1
pep_96c3442cf094,LKMRTIACGPPQWTVGLTASRRSVG,3,3,2,1,1
pep_96e572cd1521,LTQDLKAAARCFLTACEKPGKKSIAAC,3,3,2,1,1
pep_974954189216,GFTRFRSAVRVSMAISRMKFLVRRW,3,3,1,2,1
pep_97bdca66d68a,EEERFDDMSSPGLQLPSCELSRLEEIA,3,3,3,0,0
pep_97d905a6eb33,GGMSAVSDGSSSNLAASASLFPLKV,3,3,3,0,0
pep_97e366304db1,SIFTDQLKCNLSVISLDPEINPEGF,4,4,1,3,1
pep_98215f365572,AQLQTSIRV,4,4,1,3,1
pep_983f0bc058be,TLIEYYQQL,3,3,1,2,1
pep_9883d7adff93,LPQPQRLQWDLPVQIHSSISLALRG,3,3,1,2,1
pep_989d108b6a40,SVALFYNFRK,3,3,1,2,1
pep_989dd7e8cf55,RYVLMDGSI,3,3,1,2,1
pep_98fbf009ad48,VVGADGVGK,4,4,4,0,0
pep_99bfb301ec77,KKKKKKKKKSLVRSRLPAADFKNIIFLV,3,3,2,1,1
pep_99e32cfacdaf,EALPPDKYGQNETFARIQVRFAELK,4,4,1,3,1
pep_99f70b0921fc,IRYTVAKL,3,3,2,1,1
pep_9a1c177249f0,GDLEVDCYRAPCSGSQEELALQHFMKE,2,2,2,0,0
pep_9a43873586bb,RPADAEDLPAAPGLSIDKSYLCCEHHK,2,2,2,0,0
pep_9a4ba263f086,PYHLKRIHRAVLRGNLEKLKYLLLT,3,3,3,0,0
pep_9af429b3853d,ARAGVLAERKALKNAAEHRELMAWNQA,3,3,3,0,0
pep_9bad35ca0c97,QEEWELLEEMQRLLY,3,3,1,2,1
pep_9bd4ef617397,TTLILGGHNKRAEKLARDFRIPDKRLW,3,3,2,1,1
pep_9c211c017d13,KKKKKKKKKKSLVREEIFSMVILARRSPKEANRWPRIT,3,3,3,0,0
pep_9c2626d385dc,DDLRYKCELNGCNTVFSDLGQLYHHEA,3,3,2,1,1
pep_9c3b5434b0db,YGASAGSYQFSMGGGERSPPRILPP,3,3,2,1,1
pep_9ca3e2dbaf4e,YRKFAVPMLRLYSNHTSLPASAREA,3,3,2,1,1
pep_9cb7e3418a73,ERCSDSDGLAPPQRLIRVEGNLRVEYL,3,3,0,3,0
pep_9cb9ec25ec4d,LLLRKNISV,3,3,1,2,1
pep_9cec72661a5c,DGAELDLNMTRSHYGGELESLARGRRS,3,3,3,0,0
pep_9cee432b64a2,PLLASSLPLAARCLQLDAARLVRCN,3,3,2,1,1
pep_9d59fc4078e2,DEIDLSALRDPAGVFELVELVGNGTYG,3,3,2,1,1
pep_9d9d46b2430c,AALRAKEELERQVVDQIKSQEQLAA,3,3,1,2,1
pep_9dc06eb006be,DANCDCYQSGDGYTKDAKLSAPSSLAA,3,3,3,0,0
pep_9e1e35134ea1,NQDGQTFSQVPNFDSLKRNTEVKSC,3,3,2,1,1
pep_9e690e2856d3,VSRSAATVLAYAVKQYECSLEQALR,3,3,1,2,1
pep_9eda4b8301a4,VSDNSSNVVHAIKGGGFTHVPCFLHCL,3,3,3,0,0
pep_9ee404709976,LGLVKEGLVMVEVCKEKQFQKVITEYL,3,3,1,2,1
pep_9f87ee12a62a,AMEAPKMPNGMYNGSALIRASGKLL,3,3,3,0,0
pep_9fd5d67e7567,CNGVISAHHNLRLRGSSDSPASASRVA,3,3,3,0,0
pep_a0123bc60601,YLRGLVACALAIQNW,3,3,1,2,1
pep_a02e29bbcb46,NAPPAFESFLLFQGEKITINKDTKV,3,3,2,1,1
pep_a03692bc00db,RGDSGEQVGQVAWVRVDAGEGAQELAL,3,3,2,1,1
pep_a040f6ca3ec9,GMQLKDSLGPGSNRPLWTLRPLHLR,3,3,3,0,0
pep_a0458b0ddccd,KSELIIKNALRKDHG,3,3,1,2,1
pep_a0850d799f13,LNVKYPARKLWIEGP,3,3,3,0,0
pep_a0f26503aea9,PGFWVKAFLNHPRISILINRRDEDI,3,3,2,1,1
pep_a11b54223053,LTWVNCSSVRWAPRVQDIFTAGKLL,3,3,1,2,1
pep_a128e3c2e062,IDRVTRSTLVLHDQLKHTPVDHPDYPL,3,3,3,0,0
pep_a1472033a700,GYGFVEFLSEEDAYYAIKIMNMIKLYG,6,3,2,4,1
pep_a194123cd264,RSGPSQMALLPVTNIRAKSWGLSVN,3,3,2,1,1
pep_a1c3875db487,NFEAYVQYREYMAFIQAMSALRGMK,4,4,1,3,1
pep_a1f8da57cfb5,TLAALIAAQRVMRSNQKGLLPEPNP,3,3,3,0,0
pep_a201377e963f,SRIFPLAH,3,3,3,0,0
pep_a204f6581753,VTPGDIVSTYGVQKAMGISIPSPVM,3,3,2,1,1
pep_a25b5afb4248,LEVFVAPTHHPHGSADDQSTKAIDI,3,3,2,1,1
pep_a2c49924f3a5,AGNRHIKFWYLDDSKTS,3,3,1,2,1
pep_a2eb52ec590f,DNPEQKSSQRTGKQLLKTLTASEMLPL,3,3,3,0,0
pep_a352ebcfcbf1,KKKKKKKKKSLVREKILIVISPILAILL,3,3,1,2,1
pep_a39a4cceba66,PMPAENPILSGSSRRTLPTSGTWTK,3,3,1,2,1
pep_a3a60999468d,KKKKKKKKKSLVRGGPPRSASEAASMLA,3,3,3,0,0
pep_a3c454ff042d,MVPNGGGGERLSFVPTYYKEGGPPSLK,3,3,3,0,0
pep_a3d557b9ef44,FLAVFVEQPTLFLPRFLQRLLLLDY,3,3,1,2,1
pep_a462ca68c13a,TTTKITSYSTPSFTS,3,3,3,0,0
pep_a4753de3d78f,ILSVQAEEQKLIAEEDLLRKRREQL,3,3,3,0,0
pep_a49cc752e6b1,LSADADGQIKCWRMADHLANSWESS,3,3,2,1,1
pep_a4b8e853406f,GSNSARLTWDPTSRQIHGYRIVYNN,3,3,2,1,1
pep_a4b93f99c832,SLHFDIDVFLK,4,4,1,3,1
pep_a4c22fc8c4d1,LSAGLLRQATYTPTRLGIYTVLFER,3,3,1,2,1
pep_a4e33d11c6a6,CMGGMNRRPILTNITLEDSSGNLLG,3,3,1,2,1
pep_a536bb8ba783,TPVQTSQPDSSNIVKVSPRESSSAS,3,3,3,0,0
pep_a56093e875f1,FTLRKKLVFPVPLGALSL,3,3,1,2,1
pep_a5c37fba0ff8,EQMAKTAKALMEALSHVQAPFTSATHL,3,3,3,0,0
pep_a5e2c863862e,KLHTPMYVFLGNLSV,3,3,1,2,1
pep_a62069bd618e,KKKKKKKKKSLVRGKSERGRSARGLARQ,3,3,3,0,0
pep_a632caf5f8d7,GSDLESDIESDKERFKENGKMFKDKVS,3,3,3,0,0
pep_a65e251274ac,WDTCTTYKWQKTLEGHD,15,3,5,10,1
pep_a66ed7451fb6,GDICKWHQGGSNGRS,3,3,3,0,0
pep_a6b3699571db,IKSIEHESIQLETEN,3,3,2,1,1
pep_a6c4c12e10ea,VMPTLRQAAEDKSGRVRYMVADKFTEL,3,3,3,0,0
pep_a6e5165afaf9,AAVSHWQQQSYLYSGIHSGATTTAP,3,3,1,2,1
pep_a744fb29a3c2,IVPPIMFESHMYILKTLASALHERGHH,3,3,2,1,1
pep_a789d744624f,VENWARSIELDMLTIATALEYVYKG,4,4,1,3,1
pep_a7be3bc0150e,IVISLPRL,3,3,1,2,1
pep_a7d4e601870c,TLLARSERKIPRCLHQGKGNESDCR,3,3,1,2,1
pep_a7dc9478df12,RVVVHILDQNDLKALFSPPSYRVTISE,6,3,2,4,1
pep_a7ed55fbeef7,PSFPKKKTAASSSGSGQPLDKKAAV,3,3,3,0,0
pep_a84784951f34,QAMPRTEFARLNGYVRLLTPEAVEGWS,3,3,2,1,1
pep_a8aa02831f8a,INQQQLQQQLQQCLQLQQLQHMQHQ,3,3,3,0,0
pep_a926dfb74a39,FVTYHCTDHLGDVRLLLTLPTEGFV,3,3,1,2,1
pep_a92e82d762d6,KKKKKKKKKSLVRIVSQIAVGYHNIRDI,3,3,1,2,1
pep_a95831565aab,AGFQCQIQFGPHSEQKHKAGFLDLK,3,3,3,0,0
pep_a9b3fc2d632e,AGGEAQPWLPQEDPS,3,3,3,0,0
pep_a9cd591c3663,GVMKMSAEDIEKLNKGIGIENIHYL,3,3,2,1,1
pep_a9d24de4ec03,HNLPMHFGPQPRHHF,3,3,3,0,0
pep_aa181464f6fd,PGCNKRYFKLSHLQMHSRKHTG,3,3,3,0,0
pep_aa37c844f058,AIFPTPDPAALKDKRMENLVAYARKVE,3,3,3,0,0
pep_aa3ee82e49a9,QFFSGILKSLRAVKLKLELIMIHHESL,3,3,1,2,1
pep_aa4a5f1a7055,WGSCLGFGRWGPVAHPFRSCPKWSW,3,3,2,1,1
pep_aa7d5d67beb3,DLAVALGYRKVQQVMES,3,3,1,2,1
pep_aa8432be1ed3,DDLRYKCELNGCNIVFSDLGQLYHHEA,3,3,1,2,1
pep_aa8f7a69016b,GQALHGRHPRPPPTVQKLSRFPLAR,3,3,3,0,0
pep_aa9b629c5770,NPATTLPGLMPLPSGLPNLPNLNLNLP,3,3,3,0,0
pep_aaa369def83e,ALYYDRREPGTDQLMSLKNDNSQHLSC,2,2,1,1,1
pep_ab1c475cb04f,HMTHEVTEDFSPRYPRTVVGKQDGRGC,6,3,6,0,0
pep_ab5bf0438506,DVAELIRTPMEMRYIPLKVALFYLLNP,3,3,1,2,1
pep_abaa26f6c7c8,PTTAAATAPVPAASSPPNDISTSVI,3,3,3,0,0
pep_abb0c330f6ef,VLGKASRQERLRAFNTCISHICAVLLF,3,3,1,2,1
pep_abb9459ab755,DQIFSLAWSPDGQHLATVCKDGRVRVY,3,3,2,1,1
pep_abc3fd47d2f5,PQSIHSFQSLEESISVLPSFQEPHLQM,3,3,1,2,1
pep_abc656986335,SITTETTYHSTPSFT,3,3,1,2,1
pep_ac878333d16d,PASRPGSFTFPGDIDSLQRQTPRHAAP,6,3,6,0,0
pep_acbeb9b2c193,KQSTFTLPLSNQVASVNPSLVKVHI,4,4,1,3,1
pep_ace9de91ea2a,QILHLRFTV,3,3,2,1,1
pep_acf4b8779426,HVLWDLKQKFRCAVLKN,6,3,4,2,1
pep_ad0940a9161c,FAGTYNVNGQSPEECLRLWLSNGIQ,3,3,1,2,1
pep_ad2902a25cab,QKHSLIKVLRLVALQSVCNSGLKQK,3,3,3,0,0
pep_ad3e065735fd,SAAYASTKESYPHVKTVCDAAEKGV,3,3,1,2,1
pep_adae228c7130,SFLPGISTALTRIITGD,6,3,5,1,1
pep_ae0554c9569f,LMGVKESDWNQHKKLEKCRGVFPENFT,3,3,3,0,0
pep_ae1554ff2d70,AEVRRYLEGTGSMAGVVLLPEGHKK,3,3,2,1,1
pep_ae29d43146dc,HNYSAVPL,3,3,3,0,0
pep_ae3b06da8dab,LTNKGIAECTFSHLTKL,3,3,3,0,0
pep_ae608021e98b,QHVVNHLPPYTNVGLKMILTNPEGRKE,3,3,2,1,1
pep_ae7fddc265f4,TDTNYVKWGSWSTLT,3,3,1,2,1
pep_ae970f30e947,AYLMELGEVICKCVGEADPSIQLHGAK,3,3,3,0,0
pep_aee9b5fac701,MLSLAAKLVAFSWRTADTPREEAGQ,3,3,1,2,1
pep_aeebc8418ca3,PYTFLLPRKCHSSWVQNGKMSTNGVSN,3,3,3,0,0
pep_af4a31c1d4e5,FRSFKAHL,3,3,3,0,0
pep_af9bafe0f3e7,GLFGGSSKIEEACKIYARAANMFKMAK,3,3,2,1,1
pep_afb3ae66cdb2,GEKRQVRRDLFAFLESPPRFLPSHPIV,3,3,3,0,0
pep_b020a626fb82,TSLDYAWDEPTLSPFITLTVKGAGS,3,3,2,1,1
pep_b0365dd1eb3b,RSAPPCANSTVGVVKMTPLSFIPGA,4,4,4,0,0
pep_b03dc806e81a,PISLGNIRNFIVSAWHRLRKGCGAGCN,3,3,3,0,0
pep_b0a7d1d3e27e,STLPLSPGK,3,3,3,0,0
pep_b0e6ab5ccc10,CATAPCLPSPTAMRQANSLKPLPGE,3,3,1,2,1
pep_b12f89f91098,PSKPSFQEFVDWENVSPELNSTDQPFL,6,3,3,3,1
pep_b14b52d7932d,SGALPDGLQESQDRPVVTCLKHEDF,3,3,1,2,1
pep_b158647bb63e,RKIEMALMVFDMEGLSLKHLWKPAV,3,3,2,1,1
pep_b17b15f4669d,LIQGLTGEK,3,3,3,0,0
pep_b1b252ba1f2d,QFTPSEAHLKIYKSVLTPPPLGAPE,3,3,3,0,0
pep_b1c5ac63db18,HVFFGRRRQAPAVSPRGLRKGAAPA,3,3,3,0,0
pep_b1ed47f64898,KCEVQVKTGGIYEGV,3,3,1,2,1
pep_b21ca3450ff6,LSESVLPTIMAFASGLG,3,3,1,2,1
pep_b236ea106ada,GAKPPRPALDARRSLYAQVQKPPRH,3,3,2,1,1
pep_b242cee52a2a,KNKMMVCQVGGIDALVRTVLRAGDR,3,3,2,1,1
pep_b24a6119bcd6,CTECGKAFCWKSQFIMHQRTHVDDK,4,4,1,3,1
pep_b25ba1322947,SDTKKNTKKRHSLTSLTMANKSSQA,3,3,3,0,0
pep_b25d5a4a2936,YLHNHISFST,3,3,3,0,0
pep_b26263f3f0e7,KELVAKTSNLENIKFAWHKETSSEY,4,4,1,3,1
pep_b266d5f09375,PGTSYEKFLNSSLEKIR,9,3,6,3,1
pep_b2be48e3b323,HLIRVEGNLRVECLDDRNTFRHSVV,3,3,2,1,1
pep_b2d59d6182f7,TYASALWEI,3,3,1,2,1
pep_b2e8c3f7f005,ASALGLWRGRSPETLVDRAGSRVGR,3,3,3,0,0
pep_b37eb8508124,HRGTQEGAMASRVLHRLRHALAGDG,3,3,1,2,1
pep_b3c120544293,RAIALHLQR,3,3,3,0,0
pep_b3e7d1a3f88b,QLSRVGLWKIKDYPLIQPPYEVCMK,3,3,1,2,1
pep_b4373b3da2a3,IHTAGKTYVCKQCGKGF,6,3,6,0,0
pep_b464dd42466a,TAQRSVSTYRCVIRS,3,3,1,2,1
pep_b48f90f38744,MVCEKCVKKLGTVITPDTWK,3,3,2,1,1
pep_b4912908297a,AAVSHWQQQSYLNSGIHSGATTTAP,3,3,2,1,1
pep_b4dd21c938d7,DISVTESSLEELERDSY,8,4,2,6,1
pep_b517b718df67,KEVARKKIRVNVIAPGFVHTDMTKD,3,3,2,1,1
pep_b51cbe08c0de,DRAFPVSPYRFWLFH,3,3,2,1,1
pep_b5228c1627fe,ELSLVRNSLTAAPINLPGTNLRKLYLQ,3,3,2,1,1
pep_b5296852c80f,FKRFSCLSLPSRWTTAVLSTVSLMPLL,3,3,1,2,1
pep_b5b1950a0fef,KNTPARVDACGSIVNGEVIMGHSSL,3,3,2,1,1
pep_b5bd4682904d,SPLLLFLPPLLLLDDVPTAAVQASPLQ,3,3,1,2,1
pep_b5df914c8d97,YNGAGLGIFSRAVTE,3,3,1,2,1
pep_b617f0ac43fe,MATDMSQGELIHPKAFPLIVGAQLIHADKLG,3,3,3,0,0
pep_b678ae3259f3,NVLIGDGAGFKVPMGAFDKTRPVVA,3,3,2,1,1
pep_b6a478962c9e,FKILNVPMSSQLDANHWNQQQAEQE,3,3,3,0,0
pep_b6d89d384d74,PEEKPKELPEWSENVAHNILSGASWVS,3,3,3,0,0
pep_b6ec29a7a7e6,ICTSRDCPIFYMHKKVRKDLEDQEQ,3,3,3,0,0
pep_b734e6e3f290,IAMGVPLHRLKDIQLLYGESPWGVTPI,3,3,2,1,1
pep_b74fb3388d60,HSSSFPHL,3,3,3,0,0
pep_b76682333d72,PCGNDTFNREPAIIRFFSRFTEVREFA,3,3,1,2,1
pep_b78fb3d2a7af,ASLGAQTLPGSDFVSTWDGSVRTPG,3,3,2,1,1
pep_b7ee512feb97,LFSDVAAQQSLRQRLHQLIHHGAVSQV,3,3,3,0,0
pep_b7f3b688dd1e,KKKKKKKKKSLVRYQFCYVTYKGEIRGA,3,3,1,2,1
pep_b803eecac650,AEKCQQDPESYWYFHKT,3,3,3,0,0
pep_b84da74e1915,EGPDFSTDFNYKSPQNIPEGSGILL,3,3,1,2,1
pep_b87581273712,AFVIDFKPLASMDTVHH,6,3,2,4,1
pep_b88a597f5d38,VKALALGASTVMMVSLLAATTEAPGEY,3,3,1,2,1
pep_b8a7df7ba1ed,RLVCKKFFCEFTGFVDM,3,3,1,2,1
pep_b8dd9d30d000,KTKEKAQPLEDLAVLKELFQTPVCTDK,3,3,3,0,0
pep_b8e8c1f50c86,GAEPVCGGTGLHHVAGLRSQGQLPHRG,3,3,3,0,0
pep_b8ede84b37ed,MCNSSCMGGMNRSPILTIITLEDSS,3,3,1,2,1
pep_b98545e8835b,MRLLACEEKAVCLRASPRMVSKRNF,3,3,3,0,0
pep_ba21090b1242,LSTVASTDILATMLEEMPPFPERES,3,3,1,2,1
pep_ba314115ae02,YGKSEGEASEEGLCLDSEAVLDYVMTR,3,3,2,1,1
pep_ba47eee18abd,TRAIQPQIYAFLQGFHM,6,3,2,4,1
pep_ba77f954f89e,STKVALNDLRAYVYQGIKSGNPSILHI,3,3,2,1,1
pep_bb38ee41b069,WTAAAMYQATRIFASNL,3,3,1,2,1
pep_bb4e1b21ce9e,VVVAHARL,3,3,3,0,0
pep_bba6deabf0f1,LMFHNTQSPFL,3,3,2,1,1
pep_bbac963c8103,DVAELIRTPMEMRFIPLKVALFYLLNP,3,3,1,2,1
pep_bbf99c92ccf0,SDQQTVPGSEQVREDLLISPQSSSI,3,3,3,0,0
pep_bc3f0eaa46f4,PAPFRSPQSYLRVPSWPVVPPEEHS,3,3,3,0,0
pep_bc67a84cc055,VSHWQQQSYLDSVIHSGATTTAPSL,3,3,1,2,1
pep_bc837836951c,AIIDSHDVYK,3,3,1,2,1
pep_bca0da35c152,ELEGLNISVGVYENTEEAFTIPLIP,4,4,1,3,1
pep_bcb4b8f95410,PADQLKSTLQTLPKIVAKEAQVKVAEV,3,3,3,0,0
pep_bcc48184a495,LLSDVRFVLGKGLGAAAAGGPQRIP,3,3,1,2,1
pep_bccb3aca1ab1,KTMGHQVSL,3,3,3,0,0
pep_bcd1f0745b78,INLKADSEVAQAVKAVALYFEDKLT,3,3,1,2,1
pep_bd44f1ce04a3,KKKKKKKKKSLVRGAALRDVLGRAQGVL,3,3,3,0,0
pep_bda70f6bba9f,QNIQSHLGEALIPDLINYCLSYIAK,3,3,1,2,1
pep_bdd6bbf8013b,LFGLINVTPNMLPLVKK,3,3,3,0,0
pep_be1532e40c74,LQNLQSTPAGRPHGLPSRTGNSCHR,3,3,3,0,0
pep_be3ac7ec3000,LSVNGVSAEGEHHEK,3,3,2,1,1
pep_be87583bd9d5,NMSRIFPLAHMTVVTSI,3,3,2,1,1
pep_bf1318b6c9a0,LRLHSLGPEDEGMYHCAPSAWVQHA,3,3,3,0,0
pep_bf1ab1cd587e,MPGAGPLSIPCRMSWSTMSTNGIPR,3,3,1,2,1
pep_bf3cb3478354,LLREVPGYFFFFGGYEL,3,3,1,2,1
pep_bf3eff9dafb6,NLVPMVATV,3,3,3,0,0
pep_bf6f37e5bd11,LFTFYHEEYELAQEF,3,3,1,2,1
pep_bfd54d245343,VSGITLQIRRERGRPFFPPHPYKLWKQ,3,3,2,1,1
pep_c01b3e664e62,EARSALLRTVVSVLKKSPPHLIKEI,3,3,2,1,1
pep_c0538b97ec74,PLIYSLRNKDVKDTFRKVARRLQVSLS,4,4,1,3,1
pep_c053e02e7cd9,MDLRRTLFSNIVFSGGSTLFKGFGD,3,3,1,2,1
pep_c097f3428466,TPAPSPALPGSTDLLIASPHLAFPSTT,3,3,3,0,0
pep_c0a3619458d5,QKTTTCRIVDGKVVFETNDTKVLRN,3,3,2,1,1
pep_c0a887f4b834,KALESAAISLDGILS,3,3,1,2,1
pep_c0ee87c370a6,RLAPAPALPPEPHFLGEEDFSLSAT,3,3,2,1,1
pep_c119f56822e3,MKEIEAAGEALQSVHEVFSAPAVPS,8,4,2,6,1
pep_c11b97b23ccf,MQGSGHRVQTGSLVRRRCGPRCPGP,3,3,3,0,0
pep_c12c45875663,VTEHDVNVGFQQSAHKV,6,3,2,4,1
pep_c16bf6577a5a,AMPVCLLLLGTQLEAFHAMAACRRL,3,3,1,2,1
pep_c172100d192b,VSCSVIESKKTVMEGLVKVMVPEASKS,6,3,4,2,1
pep_c17a2980e291,TRAIQPQINAFLQGFHM,3,3,2,1,1
pep_c187c764878f,FLSLGVYSALRETAFTRQLHEKTSQ,4,4,1,3,1
pep_c1a07a898c04,RYRMYASYKNLKLEIKFQGQHVAKS,3,3,2,1,1
pep_c1bc97e12f89,PEGRSCDDEDWQPVLVTPRKRKSSSET,3,3,3,0,0
pep_c2821c6eb18d,KKKKKKKKKSLVRGAMLGFLCFPINVVK,3,3,2,1,1
pep_c29abf0d35f9,ILFKDVNRKLSDFWKELSLLLQVEQ,3,3,2,1,1
pep_c2a79ebb57ba,GRYSFTTL,3,3,1,2,1
pep_c2c2bf942e89,TIFTLPMNPSKEIHLSYAEKDLLER,4,4,1,3,1
pep_c39180656a80,GGATMWDYTIPIPEIKLKILPVLGF,4,4,1,3,1
pep_c3a2bbbb6921,LSTYRTACTLRFVQKRC,15,3,12,3,1
pep_c45a7cc4bdcc,CGPCLRIAPAFSSVSNKYPQAVFLEVD,3,3,2,1,1
pep_c46d16fd21ba,FSKEIDDEANSYFRRIYNHPPHPTMSV,3,3,3,0,0
pep_c4bf364f1d8e,SGIHSGATTTAPPLSGKGNPEEEDV,6,4,6,0,0
pep_c4e55ae8f6e9,LKNIVISLARLPLVNSY,3,3,1,2,1
pep_c51a014b7b01,SRVVPQAQYLPRHLRNPRRAESGLR,3,3,3,0,0
pep_c5584e79e178,NWEVYKLLSHVRPPVSK,6,3,4,2,1
pep_c573e7688e9f,AEKCQQDPKSYWYFHKT,3,3,3,0,0
pep_c5b9386925fd,TPSYITSITTTEAPSSSTPSFSSSI,3,3,1,2,1
pep_c6060ea71eb5,YPQDNMHQMHKPMVSMHEKGMSDDPRY,3,3,3,0,0
pep_c64aae02135d,YADREDMIIMFVDCYDVILAGSPTELL,3,3,1,2,1
pep_c671277f7d3b,AFYKREMFDPAEKFKMDHRRRGIALIF,3,3,2,1,1
pep_c6952818b39a,AERLTSRVKALFSVL,3,3,1,2,1
pep_c6cf715bd935,SLCSPAWFRTPGLGRSTRLSLPKCWDY,3,3,3,0,0
pep_c71d753af77c,MGDAADPREMRKTFIVPA,3,3,2,1,1
pep_c7443fdf69b3,FRSQTFNVVHLYQQQQELPGRQMPAFR,3,3,2,1,1
pep_c76d1d88a70a,ISYIPLFPHLYFHMIHQ,6,3,2,4,1
pep_c7727d82f317,TLNTDSLDWALYHHLMDFLADRGVD,3,3,2,1,1
pep_c78ac00c1424,LEKSPSPTPVMGSLSCDPFNTSVPEEF,3,3,3,0,0
pep_c7c14d215e9f,PILYRPVAVALDSKGPEIRTGLIKG,3,3,2,1,1
pep_c7d79b13dfd8,LFLLFLGKGLFFPKL,3,3,1,2,1
pep_c7f0152b9415,KQKLIDELENSQWRLQTLKHQYEEK,3,3,1,2,1
pep_c81c1884a11d,KKKKKKKKKSLVRTAPDNLGYM,3,3,2,1,1
pep_c852c31f77d9,NVAKPLTAK,3,3,3,0,0
pep_c88ef3816600,SSLSKISGSILNEVIGLVRSPLLQGGA,2,2,2,0,0
pep_c8ecc9e8cf67,VFRHRLSVSNHQRFH,3,3,3,0,0
pep_c8ef88b38dea,MPKRQGDFLHFLNMKKVKTDTENNEVS,3,3,3,0,0
pep_c91243d19402,DQLVQHILGTEDVIVEVTSNDAVRF,4,4,1,3,1
pep_c91bff688087,LSLPRFAPVVTTTVKAEVSPHGAPA,3,3,2,1,1
pep_c93cdea27fa8,SYLTVLQKIANHVALLQ,3,3,1,2,1
pep_c95f1071e142,GVPENGYQTLYKHDYQAGESLRFFCYE,3,3,2,1,1
pep_c968bec884fa,RIELYRVIESLAKAQ,4,4,1,3,1
pep_c97557c7b2ae,ARLRSLESLHSFVAPATKELMWLNE,3,3,3,0,0
pep_c975fe685435,AKDPKLQQGYNAMRFSQGGQFLRAVAQ,3,3,3,0,0
pep_c9acaba8f55d,NRRLTPQTVKIRADI,3,3,2,1,1
pep_ca22ae5355df,MTEYKLVVVGADGVGKSALTIQLIQ,3,3,1,2,1
pep_ca40b1609b42,FTLQIRGRERFEMVRELNEALELKDAQ,3,3,1,2,1
pep_ca9e3aae0a12,YQARIPEFDPVETGSCYVSQAGLKLRG,3,3,1,2,1
pep_caa8af236737,LYTHFLQLPLAATGFSV,15,3,8,7,1
pep_cae9c4a04571,EEARNRRFHLIAIDAYQRHTKFVND,3,3,2,1,1
pep_caed4c258a64,PFQNPLFMEAEEKVS,3,3,3,0,0
pep_cb1004ee4572,ERTERTARGLLLRTLRRRDSGVYLCAA,3,3,2,1,1
pep_cb1197bb7192,LKMVIAHTKSLDPFRPVTFVSNSNYAA,3,3,2,1,1
pep_cb2826aaa760,PLLASSLPLAARYLQLDAARLVRCN,3,3,2,1,1
pep_cbdeb129c216,GEYINQIAASRDDDFVVRIFATSTEPV,4,4,1,3,1
pep_cc1047284291,CHGAPGVIHMLMRAYKVFKEEKYLK,3,3,3,0,0
pep_cc18302dcaaf,GSSYTSKSRGLCPRVLK,6,3,6,0,0
pep_cc4aed90083c,ALVKQKVIL,3,3,1,2,1
pep_cca53d88c58c,VPKYQCPHCATIIERKSDLRVHMRNLH,3,3,2,1,1
pep_ccb74d33059e,AASTESLVLTVPSGSDSTNSQAVGL,3,3,2,1,1
pep_ccbe07eca842,MLRAKIRELQRYQRNGITKMEESAE,4,4,1,3,1
pep_cd25aa72c600,SKGCVEYEPNFSQRQDLAALPRLVSNS,3,3,3,0,0
pep_cd4e0fa78dd5,AGRGRRSAATVAGWGGWGGRPRPGN,3,3,2,1,1
pep_cd8681211191,NGLARLSSPVLHQLRLREDENAEPV,3,3,3,0,0
pep_cdc8ec1d8d0d,KKKKKKKKKSLVRVIWSADMLHVALLAK,3,3,1,2,1
pep_cdd46e492604,HLIDPPVEV,3,3,3,0,0
pep_ce2555ec0db4,MYEGSHVPLEQMRDFYGKSSHGNTM,3,3,3,0,0
pep_ce55619330b0,VPLKQVREGPEGKLLPSETLDSTGE,3,3,2,1,1
pep_ceda1324461f,LRPLDLEFMKHLSRVVNIIPVIAKADT,3,3,3,0,0
pep_cf3077dd282f,LKVRNMSASMAAAHR,3,3,2,1,1
pep_cf35f5a2a376,RLRSLESLHSFVAPATKELMWLNE,3,3,1,2,1
pep_cf4d7573cc95,QRTLLDPGRFTKVSSPAHTEEEEEEHL,3,3,3,0,0
pep_cf77a036dc9d,VVEMLCGLKMKLRQQRVSPILPEHH,3,3,1,2,1
pep_cf81089a8d98,MGDASDPREMRKTFIVPA,3,3,3,0,0
pep_cfbaa6b26b46,FYVLEQQRVGLAIDMDEIEKYQEVE,4,4,1,3,1
pep_d00582030297,NCSLQQVRNPSSLQEQPHGNITFNM,3,3,2,1,1
pep_d012132fcc30,ILILFREAECMAQMG,3,3,1,2,1
pep_d015161e2fe6,VPSQKTYQGSYGFLLGFLHSGTAKSVT,3,3,1,2,1
pep_d019270fecc4,YKQSQHMTEVVRGCPHHERCSDSDG,3,3,3,0,0
pep_d01b1dfea243,IQYASQGRYEVALPLCKQALEDLEK,3,3,1,2,1
pep_d01c0b966379,HSTPSFTSLITTMETTSHRWGTTET,3,3,1,2,1
pep_d037bd20db8e,CANSTVGLVK,3,3,3,0,0
pep_d055e2aa9153,GAGLGSRRVLDGFLPLPRRMATGQV,3,3,3,0,0
pep_d06141f07bc7,SVVSIPPQSYIQKDQGL,6,3,6,0,0
pep_d09fd8eee6d5,KLFKDLGLPARAVSTTFGCRVNVAI,3,3,3,0,0
pep_d0bc19b7089b,VEAPVSSEPLPHPLEAPSPEPPMSPVP,3,3,3,0,0
pep_d0fdc0dbb731,MCHNVNRVVYIFCPPVKEPPTDVTP,3,3,3,0,0
pep_d100485d8fb1,NNPVCPPNHVVSLTNNLLGRRVPTD,3,3,2,1,1
pep_d126dfcbb070,RYKPSEEFLNACRSLSQHLPETGTTTD,3,3,3,0,0
pep_d13301ad5fb3,LTSDLNVKVGDYVIGFSRYKEDYIE,3,3,1,2,1
pep_d1354b823a09,EKVKIPVAIKTSPKANKEILDEAYV,3,3,2,1,1
pep_d1fe9034f63b,QQSNATYSCPRQNNCLIDRTSRNRC,3,3,1,2,1
pep_d25b5721b169,HDAVLRFNGAPTAYFQQDVGTKTTIRL,3,3,2,1,1
pep_d278367e4af3,ELYLQVIQYMRKMYQYARLVHADLSEFNMLY,3,3,1,2,1
pep_d312726b60b9,RTNIARNLALKENVFMM,3,3,2,1,1
pep_d332c688fc02,QRLACIKKHLKSPGITMDELPLIGG,3,3,2,1,1
pep_d37522c39b0d,LSWYLGIYAGLTAVTVL,3,3,1,2,1
pep_d3a469f92f78,GTSVSTFSYRIHEEREI,3,3,1,2,1
pep_d3c109d512b2,QPVSAPPSPRDISIEIDSPENMMRHIR,3,3,3,0,0
pep_d3e2d93a10fd,LSSELDKLSQELEKVGLNRELLLQE,3,3,3,0,0
pep_d3f2403c60e2,KVLVPLAAPSMSVWGGGAGQPLPLVSP,3,3,3,0,0
pep_d407cdc22ca1,TALLGLNNTLAIVLAPRNIRVNCLH,3,3,1,2,1
pep_d455268c27a9,YPEVRHHCPHTPILLVG,3,3,2,1,1
pep_d46cb778d290,EGKGEIKDGLEVILSVPKRANDAMH,3,3,2,1,1
pep_d49d830fc4be,EQEKEAQHKDQTATLPLAAEETANLPP,3,3,3,0,0
pep_d4d5430c33f7,RWLMPIIPALWRARAGGSSEVRSSRKS,3,3,3,0,0
pep_d4dd5099fc47,LDSLAAAVQILDSLPMMPIKHAIQWLY,3,3,1,2,1
pep_d5099dfd5f99,KRWLYWQPILTKMGFVS,6,3,4,2,1
pep_d524f6b13adb,GVFGQSFSCPSDWSILLPLIIGLIL,3,3,1,2,1
pep_d61e7cd8c394,EFLGRINEIVYFLRFCHSELIQLVNKE,3,3,1,2,1
pep_d62cfaf31afe,LEDTKLIKGVIVNKDFSHPQMPKKV,4,4,1,3,1
pep_d696252d4282,ESKQMYCVLNRNEDAC,3,3,1,2,1
pep_d6b9d7c36729,PEKDIIVEFIKNQDFKYVRMLGALY,3,3,1,2,1
pep_d6ba37235319,HGRPGHASALMASLAGVFVWDEERI,4,4,1,3,1
pep_d7145519ef2c,LPLKVCSSFQMGPTQAYNSQFMNQP,3,3,1,2,1
pep_d77eae66dfd8,ITFPENKKHPCYYPPFD,3,3,3,0,0
pep_d85fd1031432,KKKKKKKKKSLVRPYLLSILASLLGLLS,3,3,3,0,0
pep_d87911483ece,NTTVLGGEVEHLIGKWELQRSLSKHNR,3,3,2,1,1
pep_d8d1744cc9ba,EGTAYGLSRSQPFMKVAVKMLKPTA,3,3,2,1,1
pep_d8d564b5049e,FLPNKSKQPSYVPAPLR,3,3,2,1,1
pep_d8fcd6e6bc2f,GGQKRPASKQLTKGA,3,3,3,0,0
pep_d92f19454f98,NFSAWCSQVVRLYLGQRHLELEWSVGP,3,3,0,3,0
pep_d95da9d1230f,HNLPMHFGPQPRHRF,3,3,3,0,0
pep_d97e801d1755,CTTIHYNYMCNSYCMGGMNRRPILT,3,3,1,2,1
pep_d98277fe7d8e,FVQRVAVMALVSGLHGVHLESGARL,4,4,1,3,1
pep_d9894894a306,RHSPSSAFLVAGIAGAHHHPQAQLAGS,3,3,2,1,1
pep_d9d25d3c9c1f,MLLSPGTAWLRAHDGDTGAQSVPSR,3,3,3,0,0
pep_da4804233c24,LLCWPGWPRTAGLRRTSCFSLP,3,3,3,0,0
pep_da82e2e63db0,KSVTCTYSPALNKRFCQLAKTCPVQLW,3,3,3,0,0
pep_da9511bcc273,SVVSIPPQRYIQKDQGL,6,3,6,0,0
pep_dad27771a2ec,GPIQYRDEEDEDKSYQSALANKVKR,3,3,3,0,0
pep_daf9476980c2,VFWTVYYMLEVYLNQRNVASNQVCRSG,4,4,1,3,1
pep_db2940b781ab,RSAYLIAVKQEHSLATALVQQVQQAAK,6,3,2,4,1
pep_db85de20b205,QQQSYLDSGIHSVATTTAPSLSGKG,3,3,3,0,0
pep_db8c7919fd5d,RRRHIVRKRTLRKLLQERELVEPLT,3,3,2,1,1
pep_dba4ebe5950a,ALLLRTPVVRPVHISAFLQDRPIPE,3,3,3,0,0
pep_dbe0a411dc39,KKKKKKKKKSLVRCGLAYVKLQGIRFQE,3,3,2,1,1
pep_dc072099b81b,HPTSNHWKSQHPFYGRLTSNMVCKHCE,6,3,2,4,1
pep_dc0cc85ef49b,LTLHDPFAGL,3,3,3,0,0
pep_dc8901ddb5d7,LERNHLQHLCAQHRGVSSSFDMPKR,3,3,3,0,0
pep_dc9ca84b7a6b,KQSQHMTEVVRRRPHHERCSDSDGL,3,3,2,1,1
pep_dd0de3b3dccb,HQRVHTGERPYEYNECGKFFSLKSV,3,3,2,1,1
pep_dd10f439da56,NPHTQRMNTLIEYYQQL,6,3,2,4,1
pep_dd1308a58baa,TITPVIVPK,3,3,3,0,0
pep_dd1e7ee78ce9,SNGHYDAVFDHSYANPEYDNWCKQTQV,2,2,2,0,0
pep_dd869ffffce9,DFWPKVPDSPATKYSIYPLTPKKSH,3,3,2,1,1
pep_dd89b29156c0,MRKHTAITTFNLLGLTEDPQLQVL,3,3,2,1,1
pep_dd970f1ad03d,KKKKKKKKKSLVRPPPAASAFAAASGGE,3,3,3,0,0
pep_ddc64a79dffc,GSRTPAMLSSSSSRV,3,3,3,0,0
pep_dde72b7ad451,TICIKTHKSGQKEIE,3,3,2,1,1
pep_de1574e58e4d,MTEYKLVVVGAVGVGKSALTIQLIQ,3,3,1,2,1
pep_de22ed87ed46,RPDLEQTVHLSSYEIIT,3,3,2,1,1
pep_de48895e007c,RPAPEARVHFRVTRFIM,3,3,3,0,0
pep_de93d5180299,LLLLETLGDKEPTSRALALKVLREILR,3,3,2,1,1
pep_dec5bf193899,SDTRKIIQEPNPMHVRNVAKPLTAK,3,3,2,1,1
pep_df44ac2286f0,GSARPRLHFSPYQIP,3,3,3,0,0
pep_df8f582db7d4,SYMDLSVVPVKQFYVEVLKTIEKYVQS,2,2,1,1,1
pep_df929563de0f,RAWPRGDKAPVPPED,3,3,3,0,0
pep_dfc153aca119,NHEYSTSSQHMDYKDTFDMLDSLLSAQ,3,3,1,2,1
pep_dfd95dbc77da,NAPPAFESFLLFQGEKQLLKDPQVL,3,3,3,0,0
pep_e05d4ba69ade,LDNLLLHTIETTIID,3,3,2,1,1
pep_e093b28c1bcb,QRLVQNCLWTLRKLSDAATKQEGME,3,3,1,2,1
pep_e0b1dedc15f2,ALGKDFTGAALYFGGLF,6,3,2,4,1
pep_e0cb78e4f564,SWIAIYEKKVEALFIPKYTGPGDAS,4,4,1,3,1
pep_e0f2a2c53703,EGKGSVLRRDVSVEAASELLMKLSAES,4,4,1,3,1
pep_e10f7d100adf,DGEAYTLASRPPVCLNDVMLRLVTELR,3,3,1,2,1
pep_e13c83f13e2a,PVAYLRFLELHLEHKCLTTTEHLIIYI,3,3,1,2,1
pep_e142a61cba9c,KKKKKKKKKSLVRHHPSASPVPLSLPNH,4,4,1,3,1
pep_e143e7b1c80c,QPEDFATYYCQQYSSYP,3,3,1,2,1
pep_e16a5337e5e3,GPQDPSACRYILQMYCEEPFVREGL,3,3,1,2,1
pep_e17d8b86ba57,PAKYGGNFMPLEKSGNS,3,3,3,0,0
pep_e183234739eb,VSELIPWAVQNGHRAPCVLNLYYER,3,3,1,2,1
pep_e1ac957883c6,MKARNYLQSLPSKTKVA,6,3,6,0,0
pep_e1fccd709503,LSSELDKLSQELKKVGLNRELLLQE,3,3,3,0,0
pep_e1fd575c29e7,HLRLSLNGHGQCHIQHLWFQSVLDMLR,3,3,2,1,1
pep_e2685842d770,NKKVENFTVSFSAGRVLCYLIHHYH,3,3,2,1,1
pep_e275b3d06159,ALLASLLAAPPVALAEAPHLVHVDAAR,3,3,2,1,1
pep_e317bfdcff47,LYIRSNPDLYGPFWICA,3,3,1,2,1
pep_e3591c0bfdd8,NKASEDAERAKPPSTERRSLGSPVW,3,3,3,0,0
pep_e3764c27bb0d,VKTDEQEVMNFLLTTEI,3,3,3,0,0
pep_e3800105d3d4,WLRNRDSTSSPGWGTTRSSSTGRFL,3,3,3,0,0
pep_e3d3899f11f5,LHILARDVHNRIVMRGLNTIPLFVQLL,3,3,1,2,1
pep_e3fc80cced98,STLSNTFFHVEKTPFYCKNIPFRTF,3,3,3,0,0
pep_e413a3801e71,LLYFSLWNGVKTSGK,3,3,1,2,1
pep_e45fe321e5c1,IRFAVSDGLELRRKYNGILHCLTTI,3,3,2,1,1
pep_e474b03409a6,RPLEEDWRRPLEKDFRRSPTEDFRQ,3,3,3,0,0
pep_e4a37bf65457,VFLVETGFHSVSQDGLD,3,3,1,2,1
pep_e4ac20770586,VFGVGVPNPYRLRRFLGARVPVNSSFS,3,3,3,0,0
pep_e52a39b4cc57,RKIEMALMVFDMVGLSLKHLWKPAV,3,3,2,1,1
pep_e5a1a6598d9e,RVSKAMLELK,3,3,2,1,1
pep_e5f41649af13,FTSTCAFPSSTLRARRQHQHPHPPV,3,3,1,2,1
pep_e5fa697f9188,STKIKEINFQKAKLVTE,3,3,2,1,1
pep_e6129082ec71,SVAHLARENPFNTPHLQLVHDGLGD,3,3,3,0,0
pep_e62268e6e9ca,VFYANMKKREGTLLSSQQSVMSKLA,3,3,2,1,1
pep_e62dd5e3a662,TASSHEFETPGFAMLPRLVSNS,3,3,3,0,0
pep_e6daabcd36cc,AICYILFEKRIGFLQRSIPEDTVTF,3,3,1,2,1
pep_e717e5de25b5,LYSPVSEDITVPQFEAP,3,3,3,0,0
pep_e728e851a435,SLMLSFIHVFV,3,3,1,2,1
pep_e760dc64e0b1,SSWEVQNGK,3,3,3,0,0
pep_e78c7e4bb4ac,MTEYKLVVVGASGVGKSALTIQLIQ,3,3,1,2,1
pep_e7e1cf8ecf99,AFNEPLSFLQRIPEYMEHVYLIHRA,3,3,2,1,1
pep_e80429eb5d38,NQQAYAYPATAAVPMIGYPMPTGYS,3,3,1,2,1
pep_e93ddd8b0fc4,RGEHYRYKVSLPGGQHA,15,3,15,0,0
pep_e952a40700e9,DNEEVGSESAQGAHSLLTELVLRRISA,3,3,2,1,1
pep_e9645150034d,SSGNLLGRNSFELRVCACPGRDRRT,3,3,1,2,1
pep_e9d6ddd4715a,CSSSFTSRKLLPAEI,3,3,3,0,0
pep_ea2c8634f9bc,LGRNSFEVRVCAFPGRDRRTEEENL,3,3,1,2,1
pep_eaae19128a58,HWQQQSYLDSGIPSGATTTAPSLSG,3,3,3,0,0
pep_eafda87638b3,SLSLFNIEDTQQLAF,4,4,1,3,1
pep_eb106bd0102f,IAVGARHGSVALYYIRTGKCQALYQAK,2,2,2,0,0
pep_eb4a69f02fd4,IRKCSRFNFLRFLVRHTNQQDQFDFTF,3,3,1,2,1
pep_eba7624599f3,DTLLKALLEIASCLEKALQVF,4,4,1,3,1
pep_ebc4d23ef4c3,GITGTCHHAQLIFVFLV,3,3,1,2,1
pep_ebe1315e4790,VNGSHSDHPEINCLKVVRDILLEQSLQ,6,3,4,2,1
pep_ec4fe95aeaa0,DGAAWVLLYSQTALLRAELAERLQPLT,3,3,2,1,1
pep_ecb5efbdb3ac,GTRPEALELELLLNSGRPKAVLQAVGQ,3,3,3,0,0
pep_ecef50f8f785,YMFPNAPYL,3,3,2,1,1
pep_ed0bb6d00c1b,EVGEPQSEPVRVLYMVAKLESECLKRQ,3,3,3,0,0
pep_ed2017e130de,CKNFALQTFEDVSHHEEFLELDKDELI,3,3,1,2,1
pep_ed3f15ddfe7d,SSLYFKNL,3,3,1,2,1
pep_ed4c6bfb2984,QDSLDRFYSTPFGYLELPDLCQPYR,3,3,1,2,1
pep_ed8d5b990e48,ISVTESSL,3,3,3,0,0
pep_edcc86b583bd,WTAAAMYQGTRIFASNL,3,3,1,2,1
pep_ee03a6248360,LWGNHKNRTNMTDEKMSRALRHYYK,3,3,3,0,0
pep_ee4a59345057,EPSFSSLLSQSSYADMGVPLPAKN,3,3,2,1,1
pep_ef591980ac11,PFPTDVIQHRLRQLEAGYKQEVEQLRR,3,3,1,2,1
pep_ef988b0fa65c,YGINLSDGLSEENFSIYSRFVQLGQ,3,3,1,2,1
pep_ef999c2ab6c5,QEEGSVVVERAVPTDVVPYSPAISE,3,3,3,0,0
pep_efabbe912e08,SYLTVLQKVANHVALLQ,3,3,1,2,1
pep_efc798fb34b6,YECKKCEKLFTHPVYLN,6,3,5,1,1
pep_efcb97f29efb,PESIFGASKAGNGQW,3,3,3,0,0
pep_efd150ddd4e1,VIGAGTPPGLAEQLLVVRPKDLALL,3,3,2,1,1
pep_efdad6bb085b,VDTAGNFSFPVNFPLSLLNPGKILEEE,3,3,3,0,0
pep_efe3d3361835,TGSPVSTELGHVLVEISSTHKKLNESL,3,3,1,2,1
pep_f0249a4cd265,FRSDHHLVRFYFLPRVYSDYLQTILKE,3,3,1,2,1
pep_f06de72cca3b,SLTSSITTTETTYHSTPSFTSSITT,3,3,3,0,0
pep_f076128701ee,GNNAFRVYRMLPLSERP,3,3,3,0,0
pep_f07954188a4b,RDLGSPQPPLPGFERFFCLSFLSSWD,3,3,1,2,1
pep_f07d1927e294,KTLDDLFPLRSMLFMLGTPYYGCTG,3,3,2,1,1
pep_f0b91e43e8ca,MTEYKLVVVGARGVGKSALTIQLIQ,3,3,1,2,1
pep_f0f705b64c70,VYDPVSPQHRPVLEATY,3,3,3,0,0
pep_f10445a8ea3c,LRGLGLSPDLIVYRSSTPIEMAVKE,3,3,1,2,1
pep_f16d41953fd9,YSGYGDDEKGFYMVYRNVFEMIAKE,4,4,1,3,1
pep_f1af677f22a6,ARPLLRRPQQPPPPPTMARPAPAAP,3,3,2,1,1
pep_f251ceea760d,GASPHHSSSGEEKTKSSWFGLREAKDP,3,3,2,1,1
pep_f2ea7dda5eef,PYKCTKCGKAFTRSSTL,3,3,2,1,1
pep_f31b632306a1,KKKKKKKKKSLVRWKETGGVKKLFSLPA,3,3,3,0,0
pep_f36882765a08,LAELEDDFKEGYLQTVAAYYEEQHPEL,3,3,1,2,1
pep_f3c2954d6310,PALNKMFCQLAKTWPVQLWVDSTPPPG,4,4,1,3,1
pep_f3e9db83f985,PDVEKKEHLPTSSET,3,3,3,0,0
pep_f3f70ea05161,LQNLQSLQLAGLMGFPPGLATAATA,3,3,3,0,0
pep_f4079ee51536,KKKKKKKKKIYEFDYHLYGQNITMIMTSVSGHLL,3,3,1,2,1
pep_f408f5578719,DPWAGYRYSGKLRPHYP,3,3,1,2,1
pep_f43faaa5cac3,MLACVTRKMLRHAKCFQ,3,3,3,0,0
pep_f44ef246abe4,GQASTPLSSMGGRSNTQWPPDPPLH,3,3,2,1,1
pep_f45f1fe5304e,SLTPFRKAKALYAFKAEHDSELSFTAG,3,3,2,1,1
pep_f4c81ea90232,WLIPGMDKGLLGMFVGEKRIITIPPFL,3,3,1,2,1
pep_f5070751c6f6,AYANSVFNI,3,3,1,2,1
pep_f5138fb72b08,TLNHQASPPFSRRPHFSLCLKPHKW,3,3,1,2,1
pep_f51a796a79f9,YEFFAKRQLVTLVSAPNYCGEFDNA,3,3,1,2,1
pep_f5436d8f4f47,PGAAPVVVGHARLSRVL,3,3,3,0,0
pep_f544a2f4553a,LLQQEKELSSSLYQKLCSFQEEMAK,3,3,1,2,1
pep_f5f95db6f5af,KLEKSEAGLAGALARAVSAVKNMNL,3,3,2,1,1
pep_f615e7377eb6,LDLSDNAFGPDGLQGFEALLKSSAC,3,3,1,2,1
pep_f6214b095599,RSDHHLVRFYFLPRVYSDYLQTILK,3,3,2,1,1
pep_f622a50f326e,GLLQLSCPGI,3,3,1,2,1
pep_f64c0e3f2e0e,LCGLKMKLRQQRVSPILPEHHKDFN,3,3,3,0,0
pep_f68ff8f31935,SPTHRISLYPYLSTAKYGGHSYVAD,3,3,2,1,1
pep_f6953cc0f2eb,PDAPGPDEAPKGTHHKKYGSNVHRI,3,3,3,0,0
pep_f69a83968869,SLPLSEGGPPLRIVQRMRLEATQLEGV,3,3,2,1,1
pep_f6b61a5a2cc0,EVAKELNINHSVVIQHLKQIGRVKK,3,3,1,2,1
pep_f6c2b06e9395,ALEPGVAYQHAFVYIRQLAIHLRNA,3,3,2,1,1
pep_f7247392d635,LLNAWRTPYGASLFQSKESSSVLSC,4,4,1,3,1
pep_f7970857f7be,CMGGMNRRPILTIFTLEDSSGNLLGRN,3,3,2,1,1
pep_f7ba59317b3c,IRSTFPFLKSLRDHEFI,3,3,3,0,0
pep_f80b83b65a59,AAAATPAVRTVPQYKYAAGVRNPQQ,3,3,3,0,0
pep_f80fc6794452,RSGPSQMALLPVNNIRAKSWGLSVN,3,3,2,1,1
pep_f82b265d8d25,LPSPTDSPSSLPSLPSSSGQASVPS,4,4,1,3,1
pep_f82ed3d52913,VTCTMFCQLAKTWPVQLWVDST,3,3,1,2,1
pep_f84cdb7928c8,CKECGKSFSVFSNLTKHKIIHTDKK,3,3,3,0,0
pep_f8cde4e9ee8d,RHIKFCYL,3,3,3,0,0
pep_f93138c407a1,MDPEDERVAGVMSVGPPAAR,3,3,3,0,0
pep_f9676228f2e6,VLRTFEDISFLEAVIQL,3,3,1,2,1
pep_f99eaee12a6f,SFIKFDHL,3,3,1,2,1
pep_f9ef4613740f,LEGEISRQSILNILSRGKKASGDLI,3,3,1,2,1
pep_fa04dd47f6a7,KKKKKKKKKSLVRSLFLSLFFFFGSVSV,3,3,1,2,1
pep_fa525c02ab06,AVSGVAVRL,3,3,1,2,1
pep_fa75efaa626a,RLYPLWPSA,3,3,3,0,0
pep_fab54d80a037,KRAPVPVRGGPKCAAKPHNPGFGMG,3,3,3,0,0
pep_fb48313eda0e,HDGGRYYRADDANVVCDRDLEVDTT,4,4,1,3,1
pep_fb50ff50633d,ADLMELDMAMEPARKAAVSHWQQQS,3,3,3,0,0
pep_fb6709836b0f,SLALHKVIMVGSRGVGKSALTLQFM,3,3,2,1,1
pep_fbefa61198d6,PQNKMKKSPVGSWSSFFNLGKSSSV,3,3,3,0,0
pep_fc2b01bddb04,NPQYTYNNWSPPVQSNE,3,3,3,0,0
pep_fc58e649f1ee,IEECMSKKESFAPCTMYKPFGKEAAGT,3,3,3,0,0
pep_fc6e9ddc74cd,GRTTGIVMDSGDGLTHTVPIYEGYA,3,3,1,2,1
pep_fcbb6ffd0348,KKKKKKKKKSLVRCAPDELSQEQHNLSL,3,3,3,0,0
pep_fcbe503636fc,LPSVRQIDATFVKF,3,3,1,2,1
pep_fd00da23904b,LLVELANEFISAVSEGSLVNGKSLELL,3,3,1,2,1
pep_fd4a32ace635,LGIENQHKISVPGAPTKEEMSLRAY,3,3,2,1,1
pep_fd62b54136a8,SVGEDFFRFWEPSLELT,3,3,2,1,1
pep_fd76fc6c29aa,KRCPYTKYQIRELDREFFFNVYINKEK,3,3,2,1,1
pep_fd7ec10efc86,SMLTDVKHFLSSGENVNEKNDEGVTLL,3,3,2,1,1
pep_fd8c07540c65,VNQGFEAFYQLTRMC,3,3,1,2,1
pep_fe29c57b37b8,IAMAKSAKVIQQQLEKE,3,3,2,1,1
pep_fe5a8f56d611,ASDFDISEIQSVFSDVETVPQTHRP,4,4,1,3,1
pep_fe66c8a2beae,VRSILRQPYIKRQVSFFLEATKIKTSK,3,3,2,1,1
pep_fe89e8b9836c,PYTFLLPRKCHSSWEVQNGKMSTNGVS,3,3,3,0,0
pep_feb2c8be0c02,DLAVALGYHKVQQVMES,3,3,1,2,1
pep_fee633f859bd,TAPQFPHL,3,3,3,0,0
pep_fee8c9fc66d1,GCSHICIAKGDGAPRCSCPVHLVLL,3,3,2,1,1
pep_fefffe182657,GITSVGCRK,3,3,3,0,0
pep_ff51c4714173,HNGVLGLSRLLFFLLGF,3,3,1,2,1
pep_ffc30bc61821,GRTPPMMPGSQRPVSARTYSIDGPNAS,3,3,3,0,0
pep_ffcc04d3fecb,SLPVAPGWDRPPKQP,3,3,3,0,0
pep_fff72b0f2bbc,PKGGEDGPAIAIYLSGINETNDLKR,3,3,1,2,1
